frame,time_s,cx,cy,radius,status,target_id,num_inliers
0,0.0,,,,lost,1,0
1,0.03333333333333333,,,,lost,1,0
2,0.06666666666666667,,,,lost,1,0
3,0.1,,,,lost,1,0
4,0.13333333333333333,,,,lost,1,0
5,0.16666666666666666,,,,lost,1,0
6,0.2,,,,lost,1,0
7,0.23333333333333334,,,,lost,1,0
8,0.26666666666666666,326.4062307217767,348.6656384947563,92.50200900453045,detected,1,4
9,0.3,326.4062307217767,348.6656384947563,92.50200900453045,lost,1,0
10,0.3333333333333333,319.2018401279813,346.4629763171928,95.00118758212179,detected,1,4
11,0.36666666666666664,315.5996448310836,345.361645228411,95.00118758212179,lost,1,0
12,0.4,312.2856251579377,344.3484206267318,95.00118758212179,lost,1,0
13,0.43333333333333335,309.2367270586435,343.4162539931869,95.00118758212179,lost,1,0
14,0.4666666666666667,306.43174080729284,342.5586606903256,95.00118758212179,lost,1,0
15,0.5,303.8511534560502,341.7696748516932,95.00118758212179,lost,1,0
16,0.5333333333333333,301.477013092907,341.0438078801514,95.00118758212179,lost,1,0
17,0.5666666666666667,299.2928039588152,340.37601026633297,95.00118758212179,lost,1,0
18,0.6,312.4704192173944,345.6677114229577,94.7903680482456,detected,1,4
19,0.6333333333333333,317.4516489239925,347.82206295749967,94.7903680482456,lost,1,0
20,0.6666666666666666,322.0343802540627,349.8040663692783,94.7903680482456,lost,1,0
21,0.7,326.2504930777273,351.6275095081146,94.7903680482456,lost,1,0
22,0.7333333333333333,330.1293168754987,353.30507719584404,94.7903680482456,lost,1,0
23,0.7666666666666667,333.69783476944843,354.8484394685551,94.7903680482456,lost,1,0
24,0.8,336.9808712318822,356.26833275944927,94.7903680482456,lost,1,0
25,0.8333333333333334,340.00126477732124,357.5746345870719,94.7903680482456,lost,1,0
26,0.8666666666666667,342.7800268391251,358.7764322684847,94.7903680482456,lost,1,0
27,0.9,345.33648793598474,359.8820861353845,94.7903680482456,lost,1,0
28,0.9333333333333333,347.6884321450956,360.8992876929323,94.7903680482456,lost,1,0
29,0.9666666666666667,349.85222081747753,361.8351131258763,94.7903680482456,lost,1,0
30,1.0,337.67902127767184,368.78161707461044,99.35411117499926,detected,1,4
31,1.0333333333333334,333.18496997064216,372.9436365676243,99.35411117499926,lost,1,0
32,1.0666666666666667,329.05044276817483,376.77269450119707,99.35411117499926,lost,1,0
33,1.1,325.2466777419049,380.295427800084,99.35411117499926,lost,1,0
34,1.1333333333333333,321.74721391773653,383.53634243505996,99.35411117499926,lost,1,0
35,1.1666666666666667,318.52770719950166,386.51798389923783,99.35411117499926,lost,1,0
36,1.2,315.5657610187256,389.26109404628147,99.35411117499926,lost,1,0
37,1.2333333333333334,312.84077053241157,391.78475538156164,99.35411117499926,lost,1,0
38,1.2666666666666666,310.33377928500266,394.1065238100194,99.35411117499926,lost,1,0
39,1.3,308.0273473373865,396.24255076420053,99.35411117499926,lost,1,0
40,1.3333333333333333,305.9054299455796,398.20769556204715,99.35411117499926,lost,1,0
41,1.3666666666666667,303.95326594511727,400.0156287760661,99.35411117499926,lost,1,0
42,1.4,302.15727506469193,401.6789273329635,99.35411117499926,lost,1,0
43,1.4333333333333333,300.5049634547006,403.2091620053091,99.35411117499926,lost,1,0
44,1.4666666666666666,298.9848367735086,404.61697790386705,99.35411117499926,lost,1,0
45,1.5,297.58632022681195,405.9121685305404,99.35411117499926,lost,1,0
46,1.5333333333333334,296.29968500385104,407.10374390707983,99.35411117499926,lost,1,0
47,1.5666666666666667,295.115980598727,408.19999325349613,99.35411117499926,lost,1,0
48,1.6,294.02697254601287,409.2085426521991,99.35411117499926,lost,1,0
49,1.6333333333333333,293.0250851375159,410.1364080990059,99.35411117499926,lost,1,0
50,1.6666666666666667,292.10334872169864,410.99004431006813,99.35411117499926,lost,1,0
51,1.7,291.2553512191468,411.77538962424535,99.35411117499926,lost,1,0
52,1.7333333333333334,290.4751935167991,412.4979073132884,99.35411117499926,lost,1,0
53,1.7666666666666666,289.7574484306392,413.16262358720803,99.35411117499926,lost,1,0
54,1.8,289.0971229513721,413.77416255921406,99.35411117499926,lost,1,0
55,1.8333333333333333,288.4896235104464,414.3367784134596,99.35411117499926,lost,1,0
56,1.8666666666666667,287.9307240247947,414.85438499936555,99.35411117499926,lost,1,0
57,1.9,287.41653649799514,415.330583058399,99.35411117499926,lost,1,0
58,1.9333333333333333,286.94348397333954,415.7686852727098,99.35411117499926,lost,1,0
59,1.9666666666666666,286.5082756506564,416.1717393098757,99.35411117499926,lost,1,0
60,2.0,286.10788399378794,416.54254902406836,99.35411117499926,lost,1,0
61,2.033333333333333,285.73952366946895,416.8836939611256,99.35411117499926,lost,1,0
62,2.066666666666667,285.4006321710955,417.19754730321824,99.35411117499926,lost,1,0
63,2.1,285.08885199259186,417.48629237794347,99.35411117499926,lost,1,0
64,2.1333333333333333,284.80201422836853,417.7519378466907,99.35411117499926,lost,1,0
65,2.1666666666666665,284.5381234852831,417.99633167793814,99.35411117499926,lost,1,0
66,2.2,284.2953440016445,418.2211740026858,99.35411117499926,lost,1,0
67,2.2333333333333334,284.07198687669694,418.42802894145365,99.35411117499926,lost,1,0
68,2.2666666666666666,283.8664983217452,418.61833548512004,99.35411117499926,lost,1,0
69,2.3,283.67744885118964,418.7934175052931,99.35411117499926,lost,1,0
70,2.3333333333333335,283.5035233382785,418.9544929638524,99.35411117499926,lost,1,0
71,2.3666666666666667,283.34351186640026,419.1026823857269,99.35411117499926,lost,1,0
72,2.4,283.1963013122723,419.2390166538514,99.35411117499926,lost,1,0
73,2.433333333333333,283.06086760247456,419.364444180526,99.35411117499926,lost,1,0
74,2.466666666666667,282.9362685894606,419.4798375050666,99.35411117499926,lost,1,0
75,2.5,282.8216374974878,419.58599936364396,99.35411117499926,lost,1,0
76,2.533333333333333,282.71617689287285,419.68366827353515,99.35411117499926,lost,1,0
77,2.566666666666667,282.61915313662706,419.77352367063503,99.35411117499926,lost,1,0
78,2.6,282.5298912808809,419.8561906359669,99.35411117499926,lost,1,0
79,2.6333333333333333,282.4477703735945,419.93224424407225,99.35411117499926,lost,1,0
80,2.6666666666666665,282.37221913889096,420.00221356352915,99.35411117499926,lost,1,0
81,2.7,282.3027120029637,420.0665853374295,99.35411117499926,lost,1,0
82,2.7333333333333334,282.2387654379106,420.1258073694178,99.35411117499926,lost,1,0
83,2.7666666666666666,282.1799345980618,420.1802916388471,99.35411117499926,lost,1,0
84,2.8,282.12581022540087,420.230417166722,99.35411117499926,lost,1,0
85,2.8333333333333335,282.07601580255283,420.27653265236694,99.35411117499926,lost,1,0
86,2.8666666666666667,282.0302049335326,420.3189588991603,99.35411117499926,lost,1,0
87,2.9,281.98805893403403,420.35799104621015,99.35411117499926,lost,1,0
88,2.933333333333333,281.94928461449535,420.393900621496,99.35411117499926,lost,1,0
89,2.966666666666667,281.91361224051974,420.42693743075904,99.35411117499926,lost,1,0
90,3.0,281.8807936564622,420.457331295281,99.35411117499926,lost,1,0
91,3.033333333333333,281.85060055912925,420.4852936506412,99.35411117499926,lost,1,0
92,3.066666666666667,281.82282290958295,420.5110190175726,99.35411117499926,lost,1,0
93,3.1,281.7972674720003,420.5346863551495,99.35411117499926,lost,1,0
94,3.1333333333333333,281.7737564694243,420.55646030572024,99.35411117499926,lost,1,0
95,3.1666666666666665,281.7521263470544,420.5764923402453,99.35411117499926,lost,1,0
96,3.2,281.7322266344741,420.59492181200835,99.35411117499926,lost,1,0
97,3.2333333333333334,281.7139188989002,420.6118769260304,99.35411117499926,lost,1,0
98,3.2666666666666666,281.6970757821722,420.62747563093063,99.35411117499926,lost,1,0
99,3.3,281.68158011478243,420.6418264394389,99.35411117499926,lost,1,0
100,3.3333333333333335,281.66732410078384,420.6550291832665,99.35411117499926,lost,1,0
101,3.3666666666666667,281.6542085679052,420.6671757075879,99.35411117499926,lost,1,0
102,3.4,295.8169934640523,199.8773076482055,59.705061758937575,reselected,2,4
103,3.433333333333333,295.44176558515784,200.3344563378022,59.70943152589483,detected,2,4
104,3.466666666666667,294.3047090713574,201.55829968446193,60.27419668901037,detected,2,7
105,3.5,293.65901591900496,202.17307504877238,60.92142689201888,detected,2,5
106,3.533333333333333,293.10150485986253,204.7773581434119,61.27010664489919,detected,2,5
107,3.566666666666667,292.1339676510918,210.41933475929295,61.16229229077058,detected,2,5
108,3.6,290.07575905950296,214.72001679337944,61.4831675932781,detected,2,4
109,3.6333333333333333,285.2469479730152,231.1935772402068,62.01188028574831,detected,2,5
110,3.6666666666666665,282.8142263443391,246.02971418332004,61.6294058130095,detected,2,4
111,3.7,281.51580853387617,256.817828509992,60.08241746999059,detected,2,4
112,3.7333333333333334,277.324669256303,284.9260512136439,60.17803873316705,detected,2,4
113,3.7666666666666666,278.53542011048285,297.708208047774,58.89460357632256,detected,2,4
114,3.8,278.59499335211467,308.8208969433042,58.347491226928774,detected,2,5
115,3.8333333333333335,275.38351098688986,319.9941866452024,58.02443563755108,detected,2,5
116,3.8666666666666667,275.8393827692246,325.3054367938677,59.3533013730492,detected,2,5
117,3.9,277.14444181834745,327.7079460247308,59.7743194044545,detected,2,6
118,3.933333333333333,272.522389042294,328.03396923865444,60.09043690024662,detected,2,4
119,3.966666666666667,280.56681820264754,334.3296063765845,60.95321475412595,detected,2,4
120,4.0,285.91910446124035,337.8291468046741,61.25732401685467,detected,2,4
121,4.033333333333333,286.3905685304452,333.2502235790208,62.76872700966397,detected,2,4
122,4.066666666666666,287.1639185830559,337.98675386572233,61.28289816113558,detected,2,4
123,4.1,294.8834524419056,345.65049864261096,61.64610747423845,detected,2,4
124,4.133333333333334,293.12296951783526,335.8821663104234,61.43490407090981,detected,2,4
125,4.166666666666667,291.13613297200527,331.4265391960589,61.62453478414131,detected,2,5
126,4.2,289.3298473224702,332.7355046694678,62.99853076316971,detected,2,5
127,4.233333333333333,289.07667503678977,331.3336643994382,62.97553794166224,detected,2,6
128,4.266666666666667,290.36845400166567,331.5675455784384,63.69932503122071,detected,2,6
129,4.3,293.1450240712197,333.2826737578662,63.380754448566115,detected,2,5
130,4.333333333333333,292.7740732662612,334.7426761501446,61.53237979820821,detected,2,5
131,4.366666666666666,296.12593178069153,337.36265638133096,61.71194814562022,detected,2,5
132,4.4,298.04781006203166,337.6010215055419,61.12327307725487,detected,2,4
133,4.433333333333334,300.40487106126295,337.58937406659516,60.959460303506695,detected,2,6
134,4.466666666666667,302.1160260850336,340.3543140951295,61.50833171283827,detected,2,5
135,4.5,303.53241428583243,340.25695705776025,61.4825987435539,detected,2,4
136,4.533333333333333,304.2491355259973,340.6988501336437,61.79829532414444,detected,2,5
137,4.566666666666666,305.78305248502636,341.3197333478123,61.611445176607894,detected,2,5
138,4.6,307.6219656373573,345.34260220380935,60.90699975846332,detected,2,7
139,4.633333333333334,308.63335367804007,347.69230300939955,62.724363076723805,detected,2,4
140,4.666666666666667,309.9919426906192,345.7006800677346,62.77066878022521,detected,2,5
141,4.7,310.2622094616134,344.8404929062702,62.50592533898519,detected,2,5
142,4.733333333333333,311.9265564461988,344.70429574376215,62.45742355055882,detected,2,5
143,4.766666666666667,314.003206594992,347.65409259777243,63.16567153816328,detected,2,5
144,4.8,317.0949115822161,347.31608549384316,63.12433177775394,detected,2,6
145,4.833333333333333,318.8969659381737,345.28079774776563,62.16863298893093,detected,2,6
146,4.866666666666666,319.68851513337404,345.5134450916124,62.01361551830844,detected,2,6
147,4.9,321.1284096264725,344.2903074921259,61.646092270987076,detected,2,4
148,4.933333333333334,321.0996141386388,345.1792381470582,61.89879352994145,detected,2,6
149,4.966666666666667,320.4279693200034,345.4263713401177,61.07912058349604,detected,2,5
150,5.0,321.3430561018059,344.5695482942667,60.620974093019896,detected,2,4
151,5.033333333333333,322.77140398998483,343.9320718736909,60.536649083634195,detected,2,5
152,5.066666666666666,321.58895704367245,345.34523038536105,59.86570338112432,detected,2,5
153,5.1,323.9339271337344,342.0861658765932,59.30203015435106,detected,2,6
154,5.133333333333334,325.64309588033257,343.11343246091343,59.745357484998515,detected,2,4
155,5.166666666666667,328.24925375461464,341.5495689105103,60.67996106864854,detected,2,6
156,5.2,328.95561285882934,342.1358019523668,60.733153578014004,detected,2,6
157,5.233333333333333,330.9672694657211,341.1260887377668,60.859570472580415,detected,2,4
158,5.266666666666667,331.2912004385288,337.68721969229625,59.793285117519154,detected,2,7
159,5.3,333.1770386402533,335.8938347633142,60.537252654917964,detected,2,6
160,5.333333333333333,334.8932343409341,337.7038170059627,60.947724283083915,detected,2,6
161,5.366666666666666,336.03910802537496,337.99333092755955,60.40770145568747,detected,2,4
162,5.4,336.15782536992447,337.870882994132,60.51816632180509,detected,2,5
163,5.433333333333334,337.9892343523895,337.8469819703922,60.89192376230679,detected,2,5
164,5.466666666666667,339.6196844022834,338.82221633155655,60.65159538300915,detected,2,5
165,5.5,355.06924653880594,331.2984580040621,68.94104253660434,detected,2,4
166,5.533333333333333,364.9181999056624,326.8319382385606,75.04619897273147,detected,2,4
167,5.566666666666666,370.4185246763683,321.7675991439678,79.22580879418379,detected,2,4
168,5.6,376.0456784681958,317.12694003001445,80.92628840869119,detected,2,4
169,5.633333333333334,383.27556117401537,313.6880420276395,81.1817006064905,detected,2,4
170,5.666666666666667,388.4163170965661,303.247030009612,76.02057152421516,detected,2,4
171,5.7,393.49283624565146,293.5503777525555,72.59957691818869,detected,2,4
172,5.733333333333333,399.377469703192,276.7158620106493,70.705812503189,detected,2,4
173,5.766666666666667,413.366691394021,257.02960969986805,70.705812503189,lost,2,0
174,5.8,424.2930932755139,255.50590141314117,74.85127782721702,detected,2,4
175,5.833333333333333,428.17585596530836,243.6252799783195,77.03356912282055,detected,2,4
176,5.866666666666666,442.72465179436284,225.4842205856299,77.03356912282055,lost,2,0
177,5.9,445.2975930089849,216.34979161063723,80.98829818275519,detected,2,4
178,5.933333333333334,457.29197734648,198.43075741012132,80.98829818275519,lost,2,0
179,5.966666666666667,468.3268109369755,181.9452459456467,80.98829818275519,lost,2,0
180,6.0,478.47885784023134,166.77857539833005,80.98829818275519,lost,2,0
181,6.033333333333333,487.8187409912267,152.82523849479873,80.98829818275519,lost,2,0
182,6.066666666666666,496.4114334901425,139.9881685435499,80.98829818275519,lost,2,0
183,6.1,504.316710589145,128.17806418840098,80.98829818275519,lost,2,0
184,6.133333333333334,511.58956552022727,117.31276818166398,80.98829818275519,lost,2,0
185,6.166666666666667,518.280592056823,107.31669585546594,80.98829818275519,lost,2,0
186,6.2,524.4363364704911,98.12030931536374,80.98829818275519,lost,2,0
187,6.233333333333333,530.0996213310658,89.65963369846972,80.98829818275519,lost,2,0
188,6.266666666666667,535.3098434027944,81.87581213092722,80.98829818275519,lost,2,0
189,6.3,540.1032477087848,74.71469628878812,80.98829818275519,lost,2,0
190,6.333333333333333,544.5131796702959,68.12646971402015,80.98829818275519,lost,2,0
191,6.366666666666666,548.5703170748861,62.065301265233614,80.98829818275519,lost,2,0
192,6.4,552.3028834871092,56.489026292350005,80.98829818275519,lost,2,0
193,6.433333333333334,555.7368445863543,51.35885331729708,80.98829818275519,lost,2,0
194,6.466666666666667,558.8960887976599,46.63909418024839,80.98829818275519,lost,2,0
195,6.5,561.8025934720611,42.296915774163594,80.98829818275519,lost,2,0
196,6.533333333333333,564.47657777251,38.302111640565585,80.98829818275519,lost,2,0
197,6.566666666666666,566.9366433289232,34.626891837655414,80.98829818275519,lost,2,0
198,6.6,569.1999036408232,31.245689618978055,80.98829818275519,lost,2,0
199,6.633333333333334,571.2821031277713,28.134983577794884,80.98829818275519,lost,2,0
200,6.666666666666667,573.1977266557635,25.27313401990637,80.98829818275519,lost,2,0
201,6.7,574.9601003015164,22.640232426648936,80.98829818275519,lost,2,0
202,6.733333333333333,576.5814840556089,20.217962960852095,80.98829818275519,lost,2,0
203,6.766666666666667,578.0731571093742,17.989475052319,80.98829818275519,lost,2,0
204,6.8,579.4454963188382,15.939266176468555,80.98829818275519,lost,2,0
205,6.833333333333333,580.708048391545,14.053074010686146,80.98829818275519,lost,2,0
206,6.866666666666666,581.8695962984353,12.317777218166329,80.98829818275519,lost,2,0
207,6.9,582.9382203727745,10.721304169048096,80.98829818275519,lost,2,0
208,6.933333333333334,583.9213545211664,9.252548963859322,80.98829818275519,lost,2,0
209,6.966666666666667,584.8258379376871,7.901294175085651,80.98829818275519,lost,2,0
210,7.0,585.657962680886,6.658139769413873,80.98829818275519,lost,2,0
211,7.033333333333333,586.423517444629,5.514437716195838,80.98829818275519,lost,2,0
212,7.066666666666666,587.1278278272727,4.462231827235245,80.98829818275519,lost,2,0
213,7.1,587.7757933793048,3.4942024093914994,80.98829818275519,lost,2,0
214,7.133333333333334,588.3719216871743,2.6036153449752533,80.98829818275519,lost,2,0
215,7.166666666666667,588.9203597304144,1.784275245712307,80.98829818275519,lost,2,0
216,7.2,589.4249227301951,1.0304823543903963,80.98829818275519,lost,2,0
217,7.233333333333333,589.8891206899934,0.3369928943742384,80.98829818275519,lost,2,0
218,7.266666666666667,590.3161828130079,-0.3010174088406269,80.98829818275519,lost,2,0
219,7.3,590.7090799661812,-0.887986887798303,80.98829818275519,lost,2,0
220,7.333333333333333,591.0705453471006,-1.427998808439365,80.98829818275519,lost,2,0
221,7.366666666666666,591.4030934975465,-1.9248097754291422,80.98829818275519,lost,2,0
222,7.4,591.7090377959566,-2.381875865059737,80.98829818275519,lost,2,0
223,7.433333333333334,591.990506550494,-2.8023766675198845,80.98829818275519,lost,2,0
224,7.466666666666667,592.2494578046684,-3.1892374057832202,80.98829818275519,lost,2,0
225,7.5,592.4876929585089,-3.545149284985489,80.98829818275519,lost,2,0
226,7.533333333333333,592.7068693000421,-3.8725882138515764,80.98829818275519,lost,2,0
227,7.566666666666666,592.9085115342526,-4.173832028408377,80.98829818275519,lost,2,0
228,7.6,593.0940223897263,-4.4509763378006335,80.98829818275519,lost,2,0
229,7.633333333333334,593.2646923767621,-4.705949102441509,80.98829818275519,lost,2,0
230,7.666666666666667,593.4217087648351,-4.940524045911115,80.98829818275519,lost,2,0
231,7.7,593.5661638418622,-5.156332993903153,80.98829818275519,lost,2,0
232,7.733333333333333,593.6990625127272,-5.354877226055827,80.98829818275519,lost,2,0
233,7.766666666666667,593.8213292899229,-5.537537919636287,80.98829818275519,lost,2,0
234,7.8,593.933814724943,-5.705585757730311,80.98829818275519,lost,2,0
235,7.833333333333333,594.0373013251615,-5.860189768776812,80.98829818275519,lost,2,0
236,7.866666666666666,594.1325089973625,-6.002425458939594,80.98829818275519,lost,2,0
237,7.9,594.2201000557874,-6.133282293889352,80.98829818275519,lost,2,0
238,7.933333333333334,320.0764150943396,223.46603773584906,66.91186411048318,reselected,3,6
239,7.966666666666667,320.0764150943396,223.46603773584906,66.91186411048318,lost,3,0
240,8.0,320.0764150943396,223.46603773584906,66.91186411048318,lost,3,0
241,8.033333333333333,320.0764150943396,223.46603773584906,66.91186411048318,lost,3,0
242,8.066666666666666,320.0764150943396,223.46603773584906,66.91186411048318,lost,3,0
243,8.1,320.0764150943396,223.46603773584906,66.91186411048318,lost,3,0
244,8.133333333333333,320.0764150943396,223.46603773584906,66.91186411048318,lost,3,0
245,8.166666666666666,320.0764150943396,223.46603773584906,66.91186411048318,lost,3,0
246,8.2,320.0764150943396,223.46603773584906,66.91186411048318,lost,3,0
247,8.233333333333333,320.0764150943396,223.46603773584906,66.91186411048318,lost,3,0
248,8.266666666666667,320.0764150943396,223.46603773584906,66.91186411048318,lost,3,0
249,8.3,320.0764150943396,223.46603773584906,66.91186411048318,lost,3,0
250,8.333333333333334,320.0764150943396,223.46603773584906,66.91186411048318,lost,3,0
251,8.366666666666667,320.0764150943396,223.46603773584906,66.91186411048318,lost,3,0
252,8.4,320.0764150943396,223.46603773584906,66.91186411048318,lost,3,0
253,8.433333333333334,320.0764150943396,223.46603773584906,66.91186411048318,lost,3,0
254,8.466666666666667,320.0764150943396,223.46603773584906,66.91186411048318,lost,3,0
255,8.5,320.0764150943396,223.46603773584906,66.91186411048318,lost,3,0
256,8.533333333333333,320.0764150943396,223.46603773584906,66.91186411048318,lost,3,0
257,8.566666666666666,320.0764150943396,223.46603773584906,66.91186411048318,lost,3,0
258,8.6,320.0764150943396,223.46603773584906,66.91186411048318,lost,3,0
259,8.633333333333333,320.0764150943396,223.46603773584906,66.91186411048318,lost,3,0
260,8.666666666666666,320.0764150943396,223.46603773584906,66.91186411048318,lost,3,0
261,8.7,320.0764150943396,223.46603773584906,66.91186411048318,lost,3,0
262,8.733333333333333,320.0764150943396,223.46603773584906,66.91186411048318,lost,3,0
263,8.766666666666667,320.0764150943396,223.46603773584906,66.91186411048318,lost,3,0
264,8.8,320.0764150943396,223.46603773584906,66.91186411048318,lost,3,0
265,8.833333333333334,320.0764150943396,223.46603773584906,66.91186411048318,lost,3,0
266,8.866666666666667,320.0764150943396,223.46603773584906,66.91186411048318,lost,3,0
267,8.9,320.0764150943396,223.46603773584906,66.91186411048318,lost,3,0
268,8.933333333333334,320.0764150943396,223.46603773584906,66.91186411048318,lost,3,0
269,8.966666666666667,320.0764150943396,223.46603773584906,66.91186411048318,lost,3,0
270,9.0,320.0764150943396,223.46603773584906,66.91186411048318,lost,3,0
271,9.033333333333333,320.0764150943396,223.46603773584906,66.91186411048318,lost,3,0
272,9.066666666666666,320.0764150943396,223.46603773584906,66.91186411048318,lost,3,0
273,9.1,320.0764150943396,223.46603773584906,66.91186411048318,lost,3,0
274,9.133333333333333,299.57297492602265,220.90690556724422,71.10039913824652,detected,3,4
275,9.166666666666666,302.9015771634058,226.7936563273595,75.69324652347319,detected,3,5
276,9.2,296.3645022147706,228.71337883997523,75.69324652347319,lost,3,0
277,9.233333333333333,290.3503932620262,230.4795235515817,75.69324652347319,lost,3,0
278,9.266666666666667,284.81741302550137,232.10437668625966,75.69324652347319,lost,3,0
279,9.3,279.7270712078985,233.59924157016337,75.69324652347319,lost,3,0
280,9.333333333333334,275.0439567357039,234.97451726335478,75.69324652347319,lost,3,0
281,9.366666666666667,270.73549142128485,236.23977090109088,75.69324652347319,lost,3,0
282,9.4,266.77170333201934,237.4038042478081,75.69324652347319,lost,3,0
283,9.433333333333334,263.125018289895,238.47471492678793,75.69324652347319,lost,3,0
284,9.466666666666667,259.7700680511407,239.45995275144938,75.69324652347319,lost,3,0
285,9.5,262.1390709930974,259.68942872743577,71.90503186360564,detected,3,4
286,9.533333333333333,277.1140412654815,264.29170601694926,70.20116832448349,detected,3,6
287,9.566666666666666,282.63286307769,266.62492023318816,70.17066119351333,detected,3,6
288,9.6,276.68551989439555,261.6636893412781,68.71729162431477,detected,3,4
289,9.633333333333333,263.67467827327096,265.67940172357874,70.53995443951868,detected,3,5
290,9.666666666666666,259.27400642122177,272.24671837471715,69.2031106170545,detected,3,4
291,9.7,260.9574584239591,282.12421812617686,68.73673687900424,detected,3,5
292,9.733333333333333,264.6057329959257,286.5881268096324,66.55594008287649,detected,3,5
293,9.766666666666667,264.9176706786255,292.2327248790333,66.08057513549106,detected,3,8
294,9.8,268.2473284267043,294.71252407159,66.17080818240042,detected,3,4
295,9.833333333333334,271.28712615301254,293.98379537940883,65.54519802724067,detected,3,5
296,9.866666666666667,271.53821717717886,294.29260280904066,64.81534534016008,detected,3,6
297,9.9,273.3630032609712,295.7873386525948,64.77069996971636,detected,3,4
298,9.933333333333334,273.9264675728716,294.7680037248256,65.01023851556278,detected,3,6
299,9.966666666666667,272.6343990622415,295.3496911237842,64.08004239196077,detected,3,6
300,10.0,272.38329776416276,295.14398199248785,65.43835361284974,detected,3,6
301,10.033333333333333,272.7601967270335,297.17673187462043,65.89819108728773,detected,3,7
302,10.066666666666666,274.3232399874396,299.1195025394064,65.39425804938193,detected,3,5
303,10.1,274.8073249934852,299.2112316564324,65.33250453711779,detected,3,5
304,10.133333333333333,273.1911456711586,298.9485211720772,64.7634153796925,detected,3,6
305,10.166666666666666,273.1344057125543,298.7775634074717,65.46517634294896,detected,3,5
306,10.2,273.4765030134912,300.30686207688626,65.99943032419266,detected,3,6
307,10.233333333333333,276.87537549230524,300.6683277724476,64.33117742962995,detected,3,5
308,10.266666666666667,277.22522529538315,301.7509966634685,64.12894927159016,detected,3,5
309,10.3,276.59939594556516,303.78843268958286,62.12727679202101,detected,3,6
310,10.333333333333334,275.8670849806421,304.26669235962805,62.95107504530979,detected,3,6
311,10.366666666666667,275.07227184888075,301.8398068108225,63.680056135396825,detected,3,8
312,10.4,274.2892346689615,301.575443719521,64.41698651007795,detected,3,6
313,10.433333333333334,274.8990235561487,303.2398080332529,64.40088414899881,detected,3,5
314,10.466666666666667,274.72172044920956,299.7513509411484,64.81354423969603,detected,3,4
315,10.5,275.11050929957287,302.5036538723623,64.661076836429,detected,3,4
316,10.533333333333333,275.02909627741815,301.892889997836,64.90574928169866,detected,3,5
317,10.566666666666666,274.07507891182536,300.9767031616972,66.14547332871061,detected,3,6
318,10.6,273.3401762869233,305.0708356506,67.00576534135755,detected,3,6
319,10.633333333333333,269.6516450391697,307.99538097151185,66.73854419308518,detected,3,6
320,10.666666666666666,271.6101960630498,310.0424263230201,66.09478237954218,detected,3,5
321,10.7,267.87027276248364,314.3984197827317,66.51369719088522,detected,3,7
322,10.733333333333333,263.0374939974517,312.9269287137699,63.951833898290836,detected,3,5
323,10.766666666666667,264.45489863310786,313.5075538763066,63.40098673097583,detected,3,6
324,10.8,261.5465870613273,316.3346997104751,63.40098673097583,lost,3,0
325,10.833333333333334,258.8709404152891,318.9356738779101,63.40098673097583,lost,3,0
326,10.866666666666667,256.409345500934,321.32857011195034,63.40098673097583,lost,3,0
327,10.9,254.14467817972735,323.5300346472673,63.40098673097583,lost,3,0
328,10.933333333333334,252.0611842442172,325.55538201975895,63.40098673097583,lost,3,0
329,10.966666666666667,250.14436982354786,327.4187016024512,63.40098673097583,lost,3,0
330,11.0,248.38090055653208,329.1329556185281,63.40098673097583,lost,3,0
331,11.033333333333333,246.75850883087756,330.71006931331885,63.40098673097583,lost,3,0
332,11.066666666666666,245.2659084432754,332.16101391252636,63.40098673097583,lost,3,0
333,11.1,243.89271608668142,333.49588294379726,63.40098673097583,lost,3,0
334,11.133333333333333,242.62937911861493,334.72396245256647,63.40098673097583,lost,3,0
335,11.166666666666666,241.4671091079938,335.85379560063416,63.40098673097583,lost,3,0
336,11.2,240.39782069822232,336.89324209685645,63.40098673097583,lost,3,0
337,11.233333333333333,239.41407536123256,337.84953287338095,63.40098673097583,lost,3,0
338,11.266666666666667,238.50902965120198,338.7293203877835,63.40098673097583,lost,3,0
339,11.3,237.67638759797387,339.53872490103385,63.40098673097583,lost,3,0
340,11.333333333333334,236.910356909004,340.28337705322417,63.40098673097583,lost,3,0
341,11.366666666666667,236.20560867515172,340.96845703323925,63.40098673097583,lost,3,0
342,11.4,235.55724030000763,341.59873061485314,63.40098673097583,lost,3,0
343,11.433333333333334,234.96074139487507,342.1785823099379,63.40098673097583,lost,3,0
344,11.466666666666667,234.4119624021531,342.7120458694159,63.40098673097583,lost,3,0
345,11.5,233.9070857288489,343.20283234413563,63.40098673097583,lost,3,0
346,11.533333333333333,233.44259918940904,343.6543559008778,63.40098673097583,lost,3,0
347,11.566666666666666,233.01527157312435,344.0697575730806,63.40098673097583,lost,3,0
348,11.6,232.62213016614245,344.4519271115072,63.40098673097583,lost,3,0
349,11.633333333333333,232.2604400717191,344.8035230868596,63.40098673097583,lost,3,0
350,11.666666666666666,231.92768518484962,345.1269913841839,63.40098673097583,lost,3,0
351,11.7,231.6215506889297,345.4245822177222,63.40098673097583,lost,3,0
352,11.733333333333333,238.9166422502297,331.3111495323027,80.22811841785347,detected,3,6
353,11.766666666666667,242.33887304188264,324.4734600430771,80.22811841785347,lost,3,0
354,11.8,245.48732537020334,318.1827857129896,80.22811841785347,lost,3,0
355,11.833333333333334,248.38390151225838,312.3953653293091,80.22811841785347,lost,3,0
356,11.866666666666667,251.048751562949,307.070938576323,80.22811841785347,lost,3,0
357,11.9,253.5004136095844,302.1724659635758,80.22811841785347,lost,3,0
358,11.933333333333334,255.75594269248896,297.6658711598484,80.22811841785347,lost,3,0
359,11.966666666666667,257.83102944876117,293.5198039404192,80.22811841785347,lost,3,0
360,12.0,259.7401092645316,289.7054220985443,80.22811841785347,lost,3,0
361,12.033333333333333,261.4964626950404,286.1961908040194,80.22811841785347,lost,3,0
362,12.066666666666666,263.1123078511085,282.9676980130565,80.22811841785347,lost,3,0
363,12.1,280.44615612729694,280.82056866157404,90.58263669095227,detected,3,6
364,12.133333333333333,290.3023423002573,277.3708332916841,90.58263669095227,lost,3,0
365,12.166666666666666,299.3700335793808,274.19707675138534,90.58263669095227,lost,3,0
366,12.2,288.58554598349474,280.783899546272,91.62141188722492,detected,3,4
367,12.233333333333333,277.8650242027625,288.6844781666439,96.12978539295734,detected,3,6
368,12.266666666666667,269.8759225314511,288.703656469766,101.95042251529678,detected,3,5
369,12.3,264.4902594012236,291.512389960291,106.17411132810125,detected,3,5
370,12.333333333333334,269.2902946368732,300.06882393756456,105.06033659132254,detected,3,6
371,12.366666666666667,275.0064348466401,309.7090362980226,102.22873718453033,detected,3,6
372,12.4,273.5180528686075,312.22460143426883,102.83707219807559,detected,3,5
373,12.433333333333334,276.1379503652323,315.72798119954433,100.60188804016825,detected,3,5
374,12.466666666666667,271.78543181609757,317.24743510755934,102.67861355905913,detected,3,6
375,12.5,268.0123572593757,321.7175126452344,102.65408209280413,detected,3,5
376,12.533333333333333,274.34518157652803,319.75592326410026,102.71604261983579,detected,3,7
377,12.566666666666666,277.6552102117396,323.23481978124494,100.3989701298268,detected,3,5
378,12.6,287.38020774771314,334.9736575763218,93.79300338424417,detected,3,6
379,12.633333333333333,288.7295223614614,337.7214245330866,94.06901332207174,detected,3,5
380,12.666666666666666,290.1063050491691,338.45465790193794,93.65613567276793,detected,3,6
381,12.7,298.9198247798025,337.35316407074924,88.58453293004739,detected,3,5
382,12.733333333333333,302.23957883379944,342.853416645393,86.55417907655443,detected,3,4
383,12.766666666666667,303.7620214119548,343.28565404814947,85.24802270856117,detected,3,5
384,12.8,310.9461017360618,347.0602813177786,81.0211569539629,detected,3,5
385,12.833333333333334,315.3248441402286,349.9826476639066,77.88433014210423,detected,3,7
386,12.866666666666667,322.23790571902623,353.0683440178798,74.37499929710856,detected,3,8
387,12.9,324.97385994469926,357.34967110946025,71.0395174711579,detected,3,7
388,12.933333333333334,328.9559510165034,355.5355479231288,68.41912284151593,detected,3,6
389,12.966666666666667,335.364736641189,355.58177308147026,65.43067296899017,detected,3,6
390,13.0,341.9488934174834,360.12084930075576,63.471792094059474,detected,3,5
391,13.033333333333333,345.44564070493294,365.71717342624567,63.96180491214352,detected,3,7
392,13.066666666666666,352.4621100489587,369.69988317135744,64.31115679084353,detected,3,5
393,13.1,357.8028771902609,373.9183812019313,65.39089305029343,detected,3,8
394,13.133333333333333,363.9087318741248,383.3429270531683,70.30497443905469,detected,3,6
395,13.166666666666666,367.4219080852457,386.63727722295397,72.7497134603044,detected,3,4
396,13.2,374.1631109528423,391.68148497784017,76.5380918502431,detected,3,5
397,13.233333333333333,379.20125728636367,395.6581345965111,80.229521889561,detected,3,5
398,13.266666666666667,376.2257267475088,400.12858241536526,79.00834920174059,detected,3,5
399,13.3,375.03698602178156,396.5015214428055,75.70719354497017,detected,3,6
400,13.333333333333334,374.666396464821,393.06856785220623,74.71961502224293,detected,3,4
401,13.366666666666667,371.84393236708155,390.7875974042371,71.20422607263687,detected,3,6
402,13.4,372.84854508417374,392.55716478801816,68.05225372102578,detected,3,4
403,13.433333333333334,382.3430209702973,389.62278528936974,71.521074241885,detected,3,4
404,13.466666666666667,383.4862223132923,390.08813980358343,70.10510903942246,detected,3,5
405,13.5,382.37018875830665,385.75543716343304,69.03468239876695,detected,3,7
406,13.533333333333333,381.42211325498397,389.081169274804,68.70930728692876,detected,3,5
407,13.566666666666666,383.8192966611243,385.66114175626996,68.0415353834021,detected,3,4
408,13.6,385.3799779966746,387.414285053762,67.66892628547085,detected,3,5
409,13.633333333333333,382.52981328202304,387.1348724021202,64.65853563624123,detected,3,5
410,13.666666666666666,384.36604618923855,387.09298771815713,63.5174143107871,detected,3,5
411,13.7,385.4182280634557,385.4451952802319,62.5746839886665,detected,3,6
412,13.733333333333333,387.2364353274994,380.6048815185923,63.00292933862404,detected,3,5
413,13.766666666666667,390.41519090861266,378.77889849290443,63.678361888118715,detected,3,6
414,13.8,396.76911454516755,370.42733909574264,65.71322768744406,detected,3,5
415,13.833333333333334,402.1101728307723,369.431457453126,70.07467819339273,detected,3,5
416,13.866666666666667,404.49339101788553,373.6720365906557,71.16533398882932,detected,3,7
417,13.9,404.9563085833341,369.0497972968592,71.42352798847973,detected,3,6
418,13.933333333333334,406.4971894053196,365.62407567018516,72.02513975266695,detected,3,5
419,13.966666666666667,406.02975572357,358.23969362906143,71.47785961481253,detected,3,6
420,14.0,402.9496027658913,354.7151259487466,71.17166621281183,detected,3,4
421,14.033333333333333,397.3907608127947,351.05871147102613,69.097153358636,detected,3,6
422,14.066666666666666,398.08952340928295,349.50721541034034,68.94853920022672,detected,3,5
423,14.1,397.1057636165898,347.13083067613746,67.73430486431246,detected,3,6
424,14.133333333333333,397.2213404299302,347.0481546680294,67.66607710781375,detected,3,7
425,14.166666666666666,396.44939820903494,341.2950992213188,67.66607710781375,lost,3,0
426,14.2,395.7392113658113,336.0022882103451,67.66607710781375,lost,3,0
427,14.233333333333333,395.0858394700455,331.13290208024927,67.66607710781375,lost,3,0
428,14.266666666666667,394.48473732594107,326.6530668405611,67.66607710781375,lost,3,0
429,14.3,393.93172335336493,322.531618420048,67.66607710781375,lost,3,0
430,14.333333333333334,393.4229504985949,318.739885873176,67.66607710781375,lost,3,0
431,14.366666666666667,392.95487947220647,315.2514919300537,67.66607710781375,lost,3,0
432,14.4,392.5242541279291,312.04216950238117,67.66607710781375,lost,3,0
433,14.433333333333334,392.1280788111939,309.08959286892247,67.66607710781375,lost,3,0
434,14.466666666666667,391.76359751979754,306.37322236614045,67.66607710781375,lost,3,0
435,14.5,391.4282747317129,303.874161503581,67.66607710781375,lost,3,0
436,14.533333333333333,391.11977776667504,301.5750255100263,67.66607710781375,lost,3,0
437,14.566666666666666,390.8359605588402,299.459820395956,67.66607710781375,lost,3,0
438,14.6,390.5748487276322,297.5138316910113,67.66607710781375,lost,3,0
439,14.633333333333333,390.3346258429208,295.7235220824622,67.66607710781375,lost,3,0
440,14.666666666666666,390.1136207889863,294.07643724259697,67.66607710781375,lost,3,0
441,14.7,389.91029613936655,292.561119189921,67.66607710781375,lost,3,0
442,14.733333333333333,389.7232374617164,291.1670265814591,67.66607710781375,lost,3,0
443,14.766666666666667,389.5511434782782,289.88446138167416,67.66607710781375,lost,3,0
444,14.8,389.3928170135151,288.70450139787204,67.66607710781375,lost,3,0
445,14.833333333333334,389.24715666593306,287.6189382127741,67.66607710781375,lost,3,0
446,14.866666666666667,389.1131491461576,286.62022008248397,67.66607710781375,lost,3,0
447,14.9,388.9898622279641,285.701399402617,67.66607710781375,lost,3,0
448,14.933333333333334,388.87643826322613,284.85608437713944,67.66607710781375,lost,3,0
449,14.966666666666667,388.7720882156672,284.0783945537001,67.66607710781375,lost,3,0
450,15.0,388.676086171913,283.36291991613587,67.66607710781375,lost,3,0
451,15.033333333333333,388.58776429165914,282.70468324957676,67.66607710781375,lost,3,0
452,15.066666666666666,388.5065081618256,282.09910551634243,67.66607710781375,lost,3,0
453,15.1,388.4317525223787,281.54197400176685,67.66607710781375,lost,3,0
454,15.133333333333333,394.0395393183053,288.28859903520646,65.80997682731424,detected,3,4
455,15.166666666666666,392.20382830302503,304.4328452849982,64.42316261578762,detected,3,6
456,15.2,386.8707866479517,316.11217139993374,62.372182840060255,detected,3,4
457,15.233333333333333,385.2292602925944,330.3060217393932,62.372182840060255,lost,3,0
458,15.266666666666667,383.7190560456657,343.3643640516959,62.372182840060255,lost,3,0
459,15.3,382.3296681384913,355.3780389790144,62.372182840060255,lost,3,0
460,15.333333333333334,376.2865134687421,354.44853272747355,64.01499957162909,detected,3,6
461,15.366666666666667,377.82226197406624,358.94677383264184,66.60837791146278,detected,3,6
462,15.4,385.76127057026656,360.9373556381678,67.57207246974116,detected,3,7
463,15.433333333333334,389.5205836425189,362.44434397723654,67.22496610097826,detected,3,6
464,15.466666666666667,395.56197424566176,355.3658545066427,65.40274229817362,detected,3,5
465,15.5,385.5874260932908,359.51999579577307,70.68323814798916,detected,3,7
466,15.533333333333333,378.0162237719165,353.94388153543485,68.60089145821637,detected,3,5
467,15.566666666666666,369.4153026657028,351.9214487066647,69.29932096580211,detected,3,6
468,15.6,361.86490662683866,351.1782296711943,69.29932096580211,lost,3,0
469,15.633333333333333,354.91854227108365,350.49446815856146,69.29932096580211,lost,3,0
470,15.666666666666666,348.527887063789,349.86540756693927,69.29932096580211,lost,3,0
471,15.7,342.64848427307794,349.28667182264684,69.29932096580211,lost,3,0
472,15.733333333333333,337.23943370562375,348.7542349378978,69.29932096580211,lost,3,0
473,15.766666666666667,332.2631071835659,348.2643930039287,69.29932096580211,lost,3,0
474,15.8,309.73049964624903,344.1810034406678,69.24453876079716,detected,3,5
475,15.833333333333334,300.5110270604767,340.84140838851135,71.95338700369274,detected,3,6
476,15.866666666666667,291.3982966045859,341.4668312218605,71.56848458692212,detected,3,6
477,15.9,287.1900570994422,337.409595135994,70.83985661519917,detected,3,7
478,15.933333333333334,281.39733405845806,333.22873185330354,72.03486497005836,detected,3,5
479,15.966666666666667,274.5413512547469,326.79166534149033,70.19986216371873,detected,3,7
480,16.0,264.76926873092367,322.54594926579557,67.58101281031568,detected,3,7
481,16.033333333333335,255.412174198274,320.8039268274283,64.4431937619529,detected,3,6
482,16.066666666666666,252.89510475677653,320.8440683437816,64.10873838747848,detected,3,5
483,16.1,243.21624050298527,315.99440445733205,64.39840908609006,detected,3,5
484,16.133333333333333,237.68975493726043,319.6012691035404,64.33312695647052,detected,3,7
485,16.166666666666668,234.33344841115525,319.2972974924656,65.24680551911888,detected,3,6
486,16.2,229.54773793346766,318.9439351082291,63.28042271162353,detected,3,7
487,16.233333333333334,232.6069036296458,314.4330277316041,64.95230039346856,detected,3,7
488,16.266666666666666,232.1781671537721,315.41908657171945,65.45623975649994,detected,3,8
489,16.3,231.25181911367036,311.17183678969434,65.69272366554755,detected,3,6
490,16.333333333333332,234.68300636181925,310.5499105844549,67.49507120219833,detected,3,6
491,16.366666666666667,240.46815391769516,306.30338699453614,71.03326336499126,detected,3,8
492,16.4,242.34607178805646,302.8745637195151,73.72546310090526,detected,3,7
493,16.433333333333334,244.75010882625855,299.238436861846,76.34669389361004,detected,3,7
494,16.466666666666665,248.0377340297938,295.9870606577862,78.75587976377129,detected,3,8
495,16.5,247.8437307481588,295.6723000635933,79.66111029823269,detected,3,7
496,16.533333333333335,249.99499616287434,292.51655417284877,81.94280408227968,detected,3,7
497,16.566666666666666,253.95326779418764,293.6321189988861,81.67332392714515,detected,3,7
498,16.6,253.53668743307753,292.0136574887568,83.46715492242035,detected,3,7
499,16.633333333333333,251.30980977111847,289.7676567476491,86.38371658775065,detected,3,7
500,16.666666666666668,251.19963644075034,289.1575263747803,87.42214237606635,detected,3,8
501,16.7,251.7197818644502,290.11839642188306,87.77422696991667,detected,3,7
502,16.733333333333334,252.5852671769225,289.60890193079973,88.03533090947307,detected,3,8
503,16.766666666666666,254.15116030615349,289.16221615847985,88.40160738021146,detected,3,5
504,16.8,253.89069618369209,287.1947655925238,89.16961267330795,detected,3,7
505,16.833333333333332,251.397400299163,288.25584497247115,90.55163529834742,detected,3,9
506,16.866666666666667,252.57168383175943,291.7457047302458,89.96599945240109,detected,3,7
507,16.9,252.9368982447263,293.43350093661945,89.81843010763004,detected,3,7
508,16.933333333333334,253.88622271646932,295.33130475045334,89.24909640046377,detected,3,6
509,16.966666666666665,255.37732186517573,297.45707162032545,89.70849268775744,detected,3,6
510,17.0,254.83202243402843,298.18789140554634,89.19299133610629,detected,3,9
511,17.033333333333335,254.88895705016066,299.1332476638406,89.26165323431043,detected,3,7
512,17.066666666666666,255.21774186560305,300.5777228847668,89.05761269279402,detected,3,6
513,17.1,254.2237625282687,301.81815869712193,88.12677318639398,detected,3,6
514,17.133333333333333,254.5152667410524,302.1774931564175,87.89925057463884,detected,3,8
515,17.166666666666668,256.249700585172,303.00919859655323,87.48918788240437,detected,3,8
516,17.2,254.95002315657894,301.86974089191875,87.74450669433814,detected,3,9
517,17.233333333333334,255.18171740500068,301.6024687224074,88.29815726459245,detected,3,8
518,17.266666666666666,253.5695815943783,300.8936820639465,88.64868049541165,detected,3,8
519,17.3,253.84474540152286,302.5591650535025,88.64787603094203,detected,3,7
520,17.333333333333332,254.80765735397344,304.1847289795777,88.1618051341148,detected,3,7
521,17.366666666666667,256.49073251980093,307.0110931422223,88.21194619795394,detected,3,8
522,17.4,257.8092431372582,309.54985830225183,87.62573181667808,detected,3,8
523,17.433333333333334,255.64913518347657,314.2933317199188,86.20961399766743,detected,3,8
524,17.466666666666665,257.6024741495291,316.61172989041995,86.39958903281794,detected,3,9
525,17.5,256.47459366992143,319.60526989496225,85.50848216687194,detected,3,7
526,17.533333333333335,259.84647603551736,321.62446568177626,83.82247669951488,detected,3,8
527,17.566666666666666,260.8482364985034,321.8490653739781,84.43597553450404,detected,3,8
528,17.6,260.4992886020252,320.1982903460728,85.45808463278352,detected,3,8
529,17.633333333333333,261.2364080393477,318.67832882487676,85.88419916811296,detected,3,10
530,17.666666666666668,262.4611390751738,318.39242700465854,87.27228214943254,detected,3,7
531,17.7,264.2952179800117,319.46226616469625,87.27228214943254,lost,3,0
532,17.733333333333334,265.9825705724627,320.4465181919309,87.27228214943254,lost,3,0
533,17.766666666666666,267.5349349575176,321.3520300569868,87.27228214943254,lost,3,0
534,17.8,268.96311019176807,322.1851009728382,87.27228214943254,lost,3,0
535,17.833333333333332,270.2770314072785,322.9515262154215,87.27228214943254,lost,3,0
536,17.866666666666667,271.48583892554814,323.6566374385981,87.27228214943254,lost,3,0
537,17.9,272.5979418423562,324.30533976392064,87.27228214943254,lost,3,0
538,17.933333333333334,273.6210765258196,324.90214590321733,87.27228214943254,lost,3,0
539,17.966666666666665,274.5623604346059,325.4512075513703,87.27228214943254,lost,3,0
540,18.0,275.4283416306893,325.95634426767106,87.27228214943254,lost,3,0
541,18.033333333333335,276.22504433108605,326.42107004666775,87.27228214943254,lost,3,0
542,18.066666666666666,276.9580108154511,326.8486177633447,87.27228214943254,lost,3,0
543,18.1,277.6323399810669,327.24196166268746,87.27228214943254,lost,3,0
544,18.133333333333333,278.2527228134334,327.6038380500828,87.27228214943254,lost,3,0
545,18.166666666666668,278.82347501921066,327.9367643264865,87.27228214943254,lost,3,0
546,18.2,279.3485670485257,328.243056500778,87.27228214943254,lost,3,0
547,18.233333333333334,279.8316517154955,328.5248453011261,87.27228214943254,lost,3,0
548,18.266666666666666,280.27608960910777,328.78409099744636,87.27228214943254,lost,3,0
549,18.3,280.68497247123105,329.022597038061,87.27228214943254,lost,3,0
550,18.333333333333332,281.06114470438445,329.2420225954265,87.27228214943254,lost,3,0
551,18.366666666666667,281.4072231588856,329.4438941082027,87.27228214943254,lost,3,0
552,18.4,281.7256153370266,329.62961589995683,87.27228214943254,lost,3,0
553,18.433333333333334,282.0185361409164,329.80047994837065,87.27228214943254,lost,3,0
554,18.466666666666665,282.288023280495,329.95767487291135,87.27228214943254,lost,3,0
555,18.5,282.53595144890727,330.1022942034888,87.27228214943254,lost,3,0
556,18.533333333333335,282.7640453638466,330.23534398762,87.27228214943254,lost,3,0
557,18.566666666666666,282.9738917655908,330.3577497890208,87.27228214943254,lost,3,0
558,18.6,283.16695045519543,330.47036312630945,87.27228214943254,lost,3,0
559,18.633333333333333,283.3445644496317,330.57396739661505,87.27228214943254,lost,3,0
560,18.666666666666668,283.50796932451306,330.6692833252962,87.27228214943254,lost,3,0
561,18.7,283.6583018094039,330.75697397968287,87.27228214943254,lost,3,0
562,18.733333333333334,283.7966076955035,330.8376493817186,87.27228214943254,lost,3,0
563,18.766666666666666,283.92384911071514,330.9118707515915,87.27228214943254,lost,3,0
564,18.8,284.04091121270983,330.98015441187454,87.27228214943254,lost,3,0
565,18.833333333333332,284.14860834654496,331.0429753793349,87.27228214943254,lost,3,0
566,18.866666666666667,284.24768970967324,331.10077066939846,87.27228214943254,lost,3,0
567,18.9,284.33884456375125,331.15394233625693,87.27228214943254,lost,3,0
568,18.933333333333334,284.42270702950304,331.20286026976675,87.27228214943254,lost,3,0
569,18.966666666666665,284.4998604979947,331.2478647685958,87.27228214943254,lost,3,0
570,19.0,284.570841689007,331.2892689075185,87.27228214943254,lost,3,0
571,19.033333333333335,284.6361443847384,331.32736071532736,87.27228214943254,lost,3,0
572,19.066666666666666,284.6962228648112,331.36240517851155,87.27228214943254,lost,3,0
573,19.1,284.7514950664782,331.394646084641,87.27228214943254,lost,3,0
574,19.133333333333333,284.80234549201185,331.4243077182801,87.27228214943254,lost,3,0
575,19.166666666666668,284.8491278835028,331.45159642122803,87.27228214943254,lost,3,0
576,19.2,284.8921676836745,331.4767020279402,87.27228214943254,lost,3,0
577,19.233333333333334,284.9317642998324,331.49979918611535,87.27228214943254,lost,3,0
578,19.266666666666666,284.9681931866977,331.52104857163647,87.27228214943254,lost,3,0
579,19.3,285.00170776261376,331.5405980063159,87.27228214943254,lost,3,0
580,19.333333333333332,285.03254117245655,331.558583486221,87.27228214943254,lost,3,0
581,19.366666666666667,285.0609079095119,331.57513012773364,87.27228214943254,lost,3,0
582,19.4,285.08700530760285,331.5903530379253,87.27228214943254,lost,3,0
583,19.433333333333334,285.11101491384653,331.60435811530164,87.27228214943254,lost,3,0
584,19.466666666666665,285.1331037515907,331.61724278648785,87.27228214943254,lost,3,0
585,19.5,285.1534254823153,331.6290966839792,87.27228214943254,lost,3,0
586,19.533333333333335,285.17212147458196,331.6400022696712,87.27228214943254,lost,3,0
587,19.566666666666666,285.1893217874673,331.65003540850785,87.27228214943254,lost,3,0
588,19.6,285.2051460753218,331.65926589623757,87.27228214943254,lost,3,0
589,19.633333333333333,285.21970442014793,331.6677579449489,87.27228214943254,lost,3,0
590,19.666666666666668,285.233098097388,331.67557062976334,87.27228214943254,lost,3,0
591,19.7,285.24542028044885,331.6827582997926,87.27228214943254,lost,3,0
592,19.733333333333334,285.2567566888648,331.6893709562196,87.27228214943254,lost,3,0
593,19.766666666666666,285.2671861846075,331.6954546001324,87.27228214943254,lost,3,0
594,19.8,285.2767813206908,331.70105155253214,87.27228214943254,lost,3,0
595,19.833333333333332,285.28560884588745,331.70620074873995,87.27228214943254,lost,3,0
596,19.866666666666667,285.29373016906834,331.7109380092511,87.27228214943254,lost,3,0
597,19.9,285.30120178639476,331.71529628892137,87.27228214943254,lost,3,0
598,19.933333333333334,285.30807567433504,331.71930590621804,87.27228214943254,lost,3,0
599,19.966666666666665,285.31439965124014,331.722994754131,87.27228214943254,lost,3,0
600,20.0,285.3202177099928,331.7263884942109,87.27228214943254,lost,3,0
601,20.033333333333335,285.32557032404526,331.7295107350844,87.27228214943254,lost,3,0
602,20.066666666666666,285.3304947289735,331.732383196688,87.27228214943254,lost,3,0
603,20.1,285.33502518150755,331.7350258613633,87.27228214943254,lost,3,0
604,20.133333333333333,285.3391931978388,331.7374571128646,87.27228214943254,lost,3,0
605,20.166666666666668,285.3430277728636,331.7396938642458,87.27228214943254,lost,3,0
606,20.2,285.3465555818864,331.74175167551647,87.27228214943254,lost,3,0
607,20.233333333333334,285.3498011661874,331.7436448618855,87.27228214943254,lost,3,0
608,20.266666666666666,285.3527871037443,331.745386593345,87.27228214943254,lost,3,0
609,20.3,363.61290322580646,212.6451612903226,55.19088528859277,reselected,4,6
610,20.333333333333332,367.86259372955567,213.56625434049622,55.3432815438577,detected,4,12
611,20.366666666666667,368.7073720557182,208.6873149011558,55.50246808055309,detected,4,11
612,20.4,371.55649870512906,207.21389837465574,61.50944362514469,detected,4,9
613,20.433333333333334,372.58254500109126,203.4843666403006,60.31622620707056,detected,4,8
614,20.466666666666665,371.7584573245017,199.0336033011578,60.06303307730966,detected,4,10
615,20.5,370.3664928572292,195.29574898616266,60.029841798772466,detected,4,11
616,20.533333333333335,371.44018556941,190.65860881198745,59.910666067076605,detected,4,10
617,20.566666666666666,369.7683148033203,191.54550085766226,61.34196595483715,detected,4,9
618,20.6,370.49154238752726,192.4198466400586,60.208123256159766,detected,4,9
619,20.633333333333333,374.40247963773663,193.1161532540255,60.09137115315238,detected,4,11
620,20.666666666666668,377.2223509038277,194.25530659932025,60.008825871378576,detected,4,8
621,20.7,377.11000553700933,195.03002569381846,60.71032330770648,detected,4,8
622,20.733333333333334,374.7673359786341,194.06469646718585,59.6548671090777,detected,4,11
623,20.766666666666666,369.23925148971455,192.6742954631575,61.650854358057956,detected,4,11
624,20.8,366.93243447401665,192.3488359178053,63.01664638300734,detected,4,11
625,20.833333333333332,360.4817221685089,190.34923087930508,63.95466005016473,detected,4,11
626,20.866666666666667,357.8670967115595,190.98863021567217,63.60889301025681,detected,4,11
627,20.9,355.54309564606893,193.49988555612512,64.69815785626726,detected,4,14
628,20.933333333333334,353.19465461296033,198.57806833355122,64.35207314469434,detected,4,10
629,20.966666666666665,350.7317810581743,198.4712750360402,67.38855549233435,detected,4,9
630,21.0,350.9462700934278,198.47383156674718,68.1364599823229,detected,4,10
631,21.033333333333335,351.84728943619757,200.9393318871058,69.10737412362192,detected,4,10
632,21.066666666666666,351.8762068709516,198.61780613151888,68.97103126432373,detected,4,12
633,21.1,351.03453051891586,196.1323741415041,68.91028613336896,detected,4,4
634,21.133333333333333,348.5843926641553,195.5908977678001,68.91028613336896,lost,4,0
635,21.166666666666668,346.3302658377756,195.09273950399242,68.91028613336896,lost,4,0
636,21.2,344.2564691575063,194.63443390128933,68.91028613336896,lost,4,0
637,21.233333333333334,342.3485762116585,194.2127927468025,68.91028613336896,lost,4,0
638,21.266666666666666,340.5933147014785,193.82488288467462,68.91028613336896,lost,4,0
639,21.3,338.9784741121129,193.46800581151697,68.91028613336896,lost,4,0
640,21.333333333333332,337.4928207698966,193.13967890421193,68.91028613336896,lost,4,0
641,21.366666666666667,336.12601969505755,192.8376181494913,68.91028613336896,lost,4,0
642,21.4,334.86856270620564,192.55972225514833,68.91028613336896,lost,4,0
643,21.433333333333334,333.7117022764619,192.30405803235277,68.91028613336896,lost,4,0
644,21.466666666666665,332.64739068109765,192.06884694738088,68.91028613336896,lost,4,0
645,21.5,331.66822401336253,191.85245274920672,68.91028613336896,lost,4,0
646,21.533333333333335,330.76739067904623,191.6533700868865,68.91028613336896,lost,4,0
647,21.566666666666666,329.9386240114752,191.4702140375519,68.91028613336896,lost,4,0
648,21.6,329.1761586773099,191.30171047216407,68.91028613336896,lost,4,0
649,21.633333333333333,328.4746905698778,191.14668719200728,68.91028613336896,lost,4,0
650,21.666666666666668,327.8293399110403,191.004065774263,68.91028613336896,lost,4,0
651,21.7,327.23561730490974,190.87285406993828,68.91028613336896,lost,4,0
652,21.733333333333334,326.68939250726964,190.75213930195955,68.91028613336896,lost,4,0
653,21.766666666666666,326.1868656934408,190.6410817154191,68.91028613336896,lost,4,0
654,21.8,337.61099582055886,192.27004228767842,69.62945021095325,detected,4,10
655,21.833333333333332,344.95361844276965,192.51440145845274,69.48039640470819,detected,4,11
656,21.866666666666667,348.16889237713724,190.37093595703885,67.85808480121767,detected,4,9
657,21.9,355.0860609632752,189.3285281613355,65.70050547125491,detected,4,11
658,21.933333333333334,359.33312982657515,189.16947591189265,63.94086749675189,detected,4,9
659,21.966666666666665,357.4709438857928,188.82655864358227,64.60427718281983,detected,4,9
660,22.0,363.7129701319507,186.52918934291898,64.41459446060497,detected,4,10
661,22.033333333333335,371.5291626470266,184.27771157397228,65.60847358768576,detected,4,13
662,22.066666666666666,377.2700488311292,180.67722441494595,66.06599455666523,detected,4,9
663,22.1,379.1474419666238,181.0412674704647,66.89944875041893,detected,4,12
664,22.133333333333333,375.229564656414,181.91847775976572,66.87869631889775,detected,4,11
665,22.166666666666668,377.0451960510328,178.97022088648876,67.26792217900646,detected,4,9
666,22.2,375.3258508433066,184.43133721805384,67.74086362309504,detected,4,10
667,22.233333333333334,377.1536719247317,186.09376432866077,68.07658216192453,detected,4,11
668,22.266666666666666,376.6188580533386,183.28229566692283,68.51842405009405,detected,4,12
669,22.3,376.23358496516744,185.41084854790262,67.10149710620887,detected,4,10
670,22.333333333333332,376.5625647722039,185.40168154253467,67.60449656330653,detected,4,9
671,22.366666666666667,378.3365369848001,187.3191554502547,66.51060122702317,detected,4,12
672,22.4,380.73025402432165,188.68890950267107,66.51060122702317,lost,4,0
673,22.433333333333334,382.9324737006815,189.94908323089413,66.51060122702317,lost,4,0
674,22.466666666666665,384.9585158029326,191.10844306085934,66.51060122702317,lost,4,0
675,22.5,386.8224745370036,192.17505410442735,66.51060122702317,lost,4,0
676,22.533333333333335,388.5373165723489,193.1563362645099,66.51060122702317,lost,4,0
677,22.566666666666666,390.1149712448666,194.05911585178583,66.51060122702317,lost,4,0
678,22.6,391.5664135435828,194.88967307207972,66.51060122702317,lost,4,0
679,22.633333333333333,392.9017404584018,195.6537857147501,66.51060122702317,lost,4,0
680,22.666666666666668,394.1302412200352,196.3567693460068,66.51060122702317,lost,4,0
681,22.7,395.26046192073795,197.00351428676302,66.51060122702317,lost,4,0
682,22.733333333333334,396.3002649653845,197.59851963225873,66.51060122702317,lost,4,0
683,22.766666666666666,397.25688376645934,198.14592455011478,66.51060122702317,lost,4,0
684,22.8,398.1369730634482,198.64953707454234,66.51060122702317,lost,4,0
685,22.833333333333332,398.9466552166779,199.1128605970157,66.51060122702317,lost,4,0
686,22.866666666666667,399.6915627976493,199.53911823769118,66.51060122702317,lost,4,0
687,22.9,400.3768777721429,199.93127526711262,66.51060122702317,lost,4,0
688,22.933333333333334,401.00736754867705,200.29205973418036,66.51060122702317,lost,4,0
689,22.966666666666665,397.92672481281033,200.60773214774605,65.81710231409836,detected,4,11
690,23.0,395.49817036415004,200.66336286533434,68.39023327302932,detected,4,10
691,23.033333333333335,394.5576699910019,198.37906037322904,68.53984596082661,detected,4,12
692,23.066666666666666,396.7038119878489,199.11629510307313,68.01371336463765,detected,4,10
693,23.1,397.5282998874583,198.15464722918375,69.9127327429825,detected,4,9
694,23.133333333333333,399.91936494099286,198.04031815011672,71.33175385914389,detected,4,10
695,23.166666666666668,402.02188405562094,206.7592914969049,74.58685504566799,detected,4,9
696,23.2,406.79521998561137,212.47348534590412,76.57497653888151,detected,4,10
697,23.233333333333334,404.6508462770811,206.80564964910093,74.60117777662633,detected,4,12
698,23.266666666666666,401.5861132848996,202.30761053550043,71.8715066913361,detected,4,9
699,23.3,401.72098653982476,201.5896801609961,71.8715066913361,lost,4,0
700,23.333333333333332,401.8450699343559,200.92918421645211,71.8715066913361,lost,4,0
701,23.366666666666667,401.9592266573245,200.32152794747165,71.8715066913361,lost,4,0
702,23.4,402.06425084245564,199.76248418000964,71.8715066913361,lost,4,0
703,23.433333333333334,402.1608730927763,199.24816391394458,71.8715066913361,lost,4,0
704,23.466666666666665,402.24976556307126,198.77498926916473,71.8715066913361,lost,4,0
705,23.5,402.33154663574265,198.33966859596725,71.8715066913361,lost,4,0
706,23.533333333333335,402.4067852226003,197.9391735766256,71.8715066913361,lost,4,0
707,23.566666666666666,402.4760047225094,197.57071815883126,71.8715066913361,lost,4,0
708,23.6,402.53968666242577,197.23173917446047,71.8715066913361,lost,4,0
709,23.633333333333333,402.5982740471488,196.91987850883933,71.8715066913361,lost,4,0
710,23.666666666666668,402.65217444109396,196.6329666964679,71.8715066913361,lost,4,0
711,23.7,402.70176280352354,196.36900782908617,71.8715066913361,lost,4,0
712,23.733333333333334,402.74738409695874,196.12616567109498,71.8715066913361,lost,4,0
713,23.766666666666666,402.7893556869191,195.9027508857431,71.8715066913361,lost,4,0
714,23.8,402.8279695496827,195.69720928321937,71.8715066913361,lost,4,0
715,23.833333333333332,402.86349430342517,195.50811100889752,71.8715066913361,lost,4,0
716,23.866666666666667,402.89617707686824,195.33414059652142,71.8715066913361,lost,4,0
717,23.9,402.92624522843585,195.17408781713542,71.8715066913361,lost,4,0
718,23.933333333333334,402.95390792787805,195.0268392601003,71.8715066913361,lost,4,0
719,23.966666666666665,402.9793576113649,194.891370587628,71.8715066913361,lost,4,0
720,24.0,403.00277132017277,194.76673940895347,71.8715066913361,lost,4,0
721,24.033333333333335,403.024311932276,194.6520787245729,71.8715066913361,lost,4,0
722,24.066666666666666,403.04412929541104,194.54659089494277,71.8715066913361,lost,4,0
723,24.1,403.0623612694952,194.44954209168304,71.8715066913361,lost,4,0
724,24.133333333333333,403.0791346856527,194.36025719268412,71.8715066913361,lost,4,0
725,24.166666666666668,403.0945662285176,194.2781150856051,71.8715066913361,lost,4,0
726,24.2,403.1087632479533,194.20254434709238,71.8715066913361,lost,4,0
727,24.233333333333334,403.1218245058341,194.1330192676607,71.8715066913361,lost,4,0
728,24.266666666666666,403.13384086308446,194.06905619458354,71.8715066913361,lost,4,0
729,24.3,403.1448959117548,194.01021016735257,71.8715066913361,lost,4,0
730,24.333333333333332,403.1550665565315,193.95607182230006,71.8715066913361,lost,4,0
731,24.366666666666667,403.16442354972605,193.90626454485175,71.8715066913361,lost,4,0
732,24.4,403.1730319834651,193.8604418495993,71.8715066913361,lost,4,0
733,24.433333333333334,403.180951742505,193.81828496996707,71.8715066913361,lost,4,0
734,24.466666666666665,403.1882379208217,193.7795006407054,71.8715066913361,lost,4,0
735,24.5,403.19494120487303,193.7438190577847,71.8715066913361,lost,4,0
736,24.533333333333335,403.2011082262003,193.71099200149763,71.8715066913361,lost,4,0
737,24.566666666666666,403.2067818858214,193.68079110971354,71.8715066913361,lost,4,0
738,24.6,403.21200165267277,193.65300628927216,71.8715066913361,lost,4,0
739,24.633333333333333,403.216803838176,193.6274442544661,71.8715066913361,lost,4,0
740,24.666666666666668,403.22122184883904,193.60392718244452,71.8715066913361,lost,4,0
741,24.7,403.225286418649,193.58229147618468,71.8715066913361,lost,4,0
742,24.733333333333334,403.2290258228741,193.56238662642562,71.8715066913361,lost,4,0
743,24.766666666666666,403.2324660747613,193.54407416464727,71.8715066913361,lost,4,0
744,24.8,403.23563110649746,193.5272266998112,71.8715066913361,lost,4,0
745,24.833333333333332,403.23854293569474,193.511727032162,71.8715066913361,lost,4,0
746,24.866666666666667,403.24122181855626,193.49746733792477,71.8715066913361,lost,4,0
747,24.9,403.24368639078887,193.4843484192265,71.8715066913361,lost,4,0
748,24.933333333333334,403.24595379724286,193.4722790140241,71.8715066913361,lost,4,0
749,24.966666666666665,403.24803981118055,193.4611751612379,71.8715066913361,lost,4,0
750,25.0,403.2499589440032,193.45095961667457,71.8715066913361,lost,4,0
751,25.033333333333335,403.2517245462,193.44156131567632,71.8715066913361,lost,4,0
752,25.066666666666666,403.2533489002211,193.43291487875794,71.8715066913361,lost,4,0
753,25.1,403.25484330592053,193.42496015679302,71.8715066913361,lost,4,0
754,25.133333333333333,403.256218159164,193.4176418125853,71.8715066913361,lost,4,0
755,25.166666666666668,403.257483024148,193.41090893591416,71.8715066913361,lost,4,0
756,25.2,403.25864669993325,193.40471468937673,71.8715066913361,lost,4,0
757,25.233333333333334,403.2597172816557,193.3990159825623,71.8715066913361,lost,4,0
758,25.266666666666666,403.26070221684034,193.39377317229304,71.8715066913361,lost,4,0
759,25.3,403.2616083572102,193.3889497868453,71.8715066913361,lost,4,0
760,25.333333333333332,403.2624420063505,193.3845122722334,71.8715066913361,lost,4,0
761,25.366666666666667,403.2632089635596,193.38042975879043,71.8715066913361,lost,4,0
762,25.4,403.2639145641919,193.3766738464229,71.8715066913361,lost,4,0
763,25.433333333333334,403.26456371677364,193.3732184070448,71.8715066913361,lost,4,0
764,25.466666666666665,403.26516093714883,193.37003940281693,71.8715066913361,lost,4,0
765,25.5,403.265710379894,193.3671147189273,71.8715066913361,lost,4,0
766,25.533333333333335,403.2662158672196,193.36442400974883,71.8715066913361,lost,4,0
767,25.566666666666666,403.26668091555916,193.36194855730463,71.8715066913361,lost,4,0
768,25.6,403.26710876003153,193.35967114105597,71.8715066913361,lost,4,0
769,25.633333333333333,403.2675023769461,193.35757591810722,71.8715066913361,lost,4,0
770,25.666666666666668,403.2678645045075,193.35564831299436,71.8715066913361,lost,4,0
771,25.7,403.268197661864,193.35387491629052,71.8715066913361,lost,4,0
772,25.733333333333334,403.268504166632,193.352243391323,71.8715066913361,lost,4,0
773,25.766666666666666,403.26878615101856,193.35074238835287,71.8715066913361,lost,4,0
774,25.8,403.26904557665415,193.34936146562035,71.8715066913361,lost,4,0
775,25.833333333333332,403.26928424823893,193.34809101670643,71.8715066913361,lost,4,0
776,25.866666666666667,403.2695038260969,193.34692220370565,71.8715066913361,lost,4,0
777,25.9,403.2697058377263,193.3458468957449,71.8715066913361,lost,4,0
778,25.933333333333334,403.2698916884253,193.344857612421,71.8715066913361,lost,4,0
779,25.966666666666665,403.27006267106833,193.34394747176304,71.8715066913361,lost,4,0
780,26.0,403.27021997509996,193.34311014235772,71.8715066913361,lost,4,0
781,26.033333333333335,403.2703646948091,193.34233979930482,71.8715066913361,lost,4,0
782,26.066666666666666,403.27049783694144,193.34163108369614,71.8715066913361,lost,4,0
783,26.1,403.2706203277032,193.34097906533617,71.8715066913361,lost,4,0
784,26.133333333333333,403.27073301920404,193.340379208445,71.8715066913361,lost,4,0
785,26.166666666666668,403.27083669538484,193.3398273401051,71.8715066913361,lost,4,0
786,26.2,403.2709320774712,193.33931962123242,71.8715066913361,lost,4,0
787,26.233333333333334,403.2710198289906,193.33885251986953,71.8715066913361,lost,4,0
788,26.266666666666666,403.27110056038845,193.3384227866157,71.8715066913361,lost,4,0
789,26.3,403.2711748332745,193.33802743202216,71.8715066913361,lost,4,0
790,26.333333333333332,403.27124316432963,193.3376637057961,71.8715066913361,lost,4,0
791,26.366666666666667,403.27130602890037,193.33732907766813,71.8715066913361,lost,4,0
792,26.4,403.27136386430544,193.3370212197904,71.8715066913361,lost,4,0
793,26.433333333333334,403.27141707287814,193.33673799054287,71.8715066913361,lost,4,0
794,26.466666666666665,403.271466024765,193.33647741963514,71.8715066913361,lost,4,0
795,26.5,403.2715110605009,193.33623769440004,71.8715066913361,lost,4,0
796,26.533333333333335,403.27155249337795,193.33601714718375,71.8715066913361,lost,4,0
797,26.566666666666666,403.27159061162484,193.33581424374478,71.8715066913361,lost,4,0
798,26.6,403.27162568041194,193.3356275725809,71.8715066913361,lost,4,0
799,26.633333333333333,403.2716579436961,193.33545583511014,71.8715066913361,lost,4,0
800,26.666666666666668,403.2716876259175,193.33529783663704,71.8715066913361,lost,4,0
801,26.7,403.2717149335612,193.33515247804178,71.8715066913361,lost,4,0
802,26.733333333333334,403.27174005659344,193.33501874813416,71.8715066913361,lost,4,0
803,26.766666666666666,403.27176316978307,193.33489571661914,71.8715066913361,lost,4,0
804,26.8,403.27178443391756,193.33478252762532,71.8715066913361,lost,4,0
805,26.833333333333332,403.2718039969213,193.334678393751,71.8715066913361,lost,4,0
806,26.866666666666667,403.2718219948847,193.33458259058665,71.8715066913361,lost,4,0
807,26.9,403.27183855301104,193.33449445167543,71.8715066913361,lost,4,0
808,26.933333333333334,403.27185378648727,193.3344133638771,71.8715066913361,lost,4,0
809,26.966666666666665,403.2718678012854,193.33433876310264,71.8715066913361,lost,4,0
810,27.0,403.27188069489966,193.33427013039014,71.8715066913361,lost,4,0
811,27.033333333333335,403.2718925570248,193.33420698829465,71.8715066913361,lost,4,0
812,27.066666666666666,403.2719034701799,193.3341488975668,71.8715066913361,lost,4,0
813,27.1,403.2719135102826,193.33409545409717,71.8715066913361,lost,4,0
814,27.133333333333333,403.27192274717714,193.33404628610512,71.8715066913361,lost,4,0
815,27.166666666666668,403.2719312451201,193.33400105155243,71.8715066913361,lost,4,0
816,27.2,403.2719390632276,193.33395943576394,71.8715066913361,lost,4,0
817,27.233333333333334,403.2719462558865,193.33392114923853,71.8715066913361,lost,4,0
818,27.266666666666666,403.2719528731327,193.33388592563517,71.8715066913361,lost,4,0
819,27.3,403.2719589609992,193.33385351992007,71.8715066913361,lost,4,0
820,27.333333333333332,403.2719645618364,193.33382370666217,71.8715066913361,lost,4,0
821,27.366666666666667,403.2719697146066,193.33379627846492,71.8715066913361,lost,4,0
822,27.4,403.2719744551552,193.33377104452344,71.8715066913361,lost,4,0
823,27.433333333333334,403.2719788164599,193.3337478292973,71.8715066913361,lost,4,0
824,27.466666666666665,403.27198282886025,193.33372647128922,71.8715066913361,lost,4,0
825,27.5,403.27198652026857,193.3337068219218,71.8715066913361,lost,4,0
826,27.533333333333335,403.2719899163642,193.33368874450377,71.8715066913361,lost,4,0
827,27.566666666666666,403.2719930407722,193.3336721132792,71.8715066913361,lost,4,0
828,27.6,403.27199591522754,193.33365681255256,71.8715066913361,lost,4,0
829,27.633333333333333,403.27199855972646,193.33364273588407,71.8715066913361,lost,4,0
830,27.666666666666668,403.2720009926655,193.33362978534905,71.8715066913361,lost,4,0
831,27.7,403.27200323096935,193.33361787085684,71.8715066913361,lost,4,0
832,27.733333333333334,403.27200529020894,193.333606909524,71.8715066913361,lost,4,0
833,27.766666666666666,403.27200718470937,193.3335968250978,71.8715066913361,lost,4,0
834,27.8,403.2720089276497,193.33358754742568,71.8715066913361,lost,4,0
835,27.833333333333332,403.2720105311549,193.33357901196734,71.8715066913361,lost,4,0
836,27.866666666666667,403.2720120063796,193.33357115934567,71.8715066913361,lost,4,0
837,27.9,403.2720133635864,193.33356393493372,71.8715066913361,lost,4,0
838,27.933333333333334,403.2720146122166,193.33355728847474,71.8715066913361,lost,4,0
839,27.966666666666665,403.2720157609564,193.33355117373247,71.8715066913361,lost,4,0
840,28.0,403.272016817797,193.33354554816958,71.8715066913361,lost,4,0
841,28.033333333333335,403.2720177900904,193.33354037265173,71.8715066913361,lost,4,0
842,28.066666666666666,403.27201868460025,193.3335356111753,71.8715066913361,lost,4,0
843,28.1,403.2720195075494,193.33353123061698,71.8715066913361,lost,4,0
844,28.133333333333333,403.27202026466256,193.33352720050334,71.8715066913361,lost,4,0
845,28.166666666666668,403.2720209612067,193.33352349279878,71.8715066913361,lost,4,0
846,28.2,403.2720216020273,193.3335200817106,71.8715066913361,lost,4,0
847,28.233333333333334,403.2720221915822,193.33351694350947,71.8715066913361,lost,4,0
848,28.266666666666666,403.27202273397273,193.3335140563644,71.8715066913361,lost,4,0
849,28.3,403.27202323297206,193.33351140019096,71.8715066913361,lost,4,0
850,28.333333333333332,403.27202369205145,193.3335089565114,71.8715066913361,lost,4,0
851,28.366666666666667,403.2720241144045,193.33350670832618,71.8715066913361,lost,4,0
852,28.4,403.27202450296926,193.3335046399958,71.8715066913361,lost,4,0
853,28.433333333333334,403.2720248604488,193.33350273713185,71.8715066913361,lost,4,0
854,28.466666666666665,403.27202518933007,193.333500986497,71.8715066913361,lost,4,0
855,28.5,403.27202549190076,193.33349937591294,71.8715066913361,lost,4,0
856,28.533333333333335,403.2720257702658,193.33349789417562,71.8715066913361,lost,4,0
857,28.566666666666666,403.2720260263617,193.33349653097727,71.8715066913361,lost,4,0
858,28.6,403.27202626196987,193.3334952768348,71.8715066913361,lost,4,0
859,28.633333333333333,403.2720264787294,193.33349412302374,71.8715066913361,lost,4,0
860,28.666666666666668,403.27202667814817,193.33349306151754,71.8715066913361,lost,4,0
861,28.7,403.2720268616134,193.33349208493186,71.8715066913361,lost,4,0
862,28.733333333333334,403.2720270304015,193.33349118647303,71.8715066913361,lost,4,0
863,28.766666666666666,403.2720271856865,193.3334903598909,71.8715066913361,lost,4,0
864,28.8,403.2720273285487,193.33348959943535,71.8715066913361,lost,4,0
865,28.833333333333332,403.2720274599819,193.33348889981625,71.8715066913361,lost,4,0
866,28.866666666666667,403.2720275809005,193.33348825616665,71.8715066913361,lost,4,0
867,28.9,403.27202769214557,193.33348766400903,71.8715066913361,lost,4,0
868,28.933333333333334,403.27202779449107,193.333487119224,71.8715066913361,lost,4,0
869,28.966666666666665,403.2720278886489,193.3334866180218,71.8715066913361,lost,4,0
870,29.0,403.2720279752741,193.33348615691577,71.8715066913361,lost,4,0
871,29.033333333333335,403.2720280549693,193.33348573269822,71.8715066913361,lost,4,0
872,29.066666666666666,403.2720281282889,193.33348534241807,71.8715066913361,lost,4,0
873,29.1,403.27202819574296,193.33348498336034,71.8715066913361,lost,4,0
874,29.133333333333333,403.2720282578006,193.33348465302723,71.8715066913361,lost,4,0
875,29.166666666666668,403.2720283148937,193.33348434912077,71.8715066913361,lost,4,0
876,29.2,403.27202836741935,193.3334840695268,71.8715066913361,lost,4,0
877,29.233333333333334,403.2720284157429,193.33348381230036,71.8715066913361,lost,4,0
878,29.266666666666666,403.2720284602006,193.33348357565205,71.8715066913361,lost,4,0
879,29.3,403.27202850110166,193.3334833579356,71.8715066913361,lost,4,0
880,29.333333333333332,403.27202853873064,193.33348315763646,71.8715066913361,lost,4,0
881,29.366666666666667,403.2720285733493,193.33348297336127,71.8715066913361,lost,4,0
882,29.4,403.2720286051985,193.33348280382808,71.8715066913361,lost,4,0
883,29.433333333333334,403.27202863449975,193.33348264785755,71.8715066913361,lost,4,0
884,29.466666666666665,403.2720286614569,193.33348250436467,71.8715066913361,lost,4,0
885,29.5,403.27202868625744,193.3334823723512,71.8715066913361,lost,4,0
886,29.533333333333335,403.272028709074,193.3334822508988,71.8715066913361,lost,4,0
887,29.566666666666666,403.2720287300652,193.3334821391626,71.8715066913361,lost,4,0
888,29.6,403.2720287493771,193.33348203636533,71.8715066913361,lost,4,0
889,29.633333333333333,403.2720287671441,193.3334819417918,71.8715066913361,lost,4,0
890,29.666666666666668,403.2720287834897,193.33348185478417,71.8715066913361,lost,4,0
891,29.7,403.27202879852763,193.33348177473715,71.8715066913361,lost,4,0
892,29.733333333333334,403.2720288123625,193.3334817010939,71.8715066913361,lost,4,0
893,29.766666666666666,403.2720288250906,193.33348163334207,71.8715066913361,lost,4,0
894,29.8,403.2720288368005,193.33348157101042,71.8715066913361,lost,4,0
895,29.833333333333332,403.27202884757355,193.3334815136653,71.8715066913361,lost,4,0
896,29.866666666666667,403.27202885748477,193.3334814609078,71.8715066913361,lost,4,0
897,29.9,403.2720288666031,193.33348141237087,71.8715066913361,lost,4,0
898,29.933333333333334,403.272028874992,193.3334813677169,71.8715066913361,lost,4,0
899,29.966666666666665,403.2720288827097,193.33348132663525,71.8715066913361,lost,4,0
900,30.0,403.27202888981003,193.33348128884015,71.8715066913361,lost,4,0
901,30.033333333333335,403.27202889634236,193.33348125406866,71.8715066913361,lost,4,0
902,30.066666666666666,403.2720289023521,193.3334812220789,71.8715066913361,lost,4,0
903,30.1,403.272028907881,193.3334811926483,71.8715066913361,lost,4,0
904,30.133333333333333,403.27202891296764,193.33348116557215,71.8715066913361,lost,4,0
905,30.166666666666668,403.27202891764733,193.3334811406621,71.8715066913361,lost,4,0
906,30.2,403.27202892195265,193.33348111774484,71.8715066913361,lost,4,0
907,30.233333333333334,403.27202892591356,193.33348109666096,71.8715066913361,lost,4,0
908,30.266666666666666,403.27202892955756,193.3334810772638,71.8715066913361,lost,4,0
909,30.3,403.2720289329101,193.3334810594184,71.8715066913361,lost,4,0
910,30.333333333333332,403.2720289359944,193.33348104300063,71.8715066913361,lost,4,0
911,30.366666666666667,403.27202893883197,193.33348102789628,71.8715066913361,lost,4,0
912,30.4,403.2720289414425,193.33348101400028,71.8715066913361,lost,4,0
913,30.433333333333334,403.2720289438442,193.33348100121597,71.8715066913361,lost,4,0
914,30.466666666666665,403.27202894605375,193.33348098945442,71.8715066913361,lost,4,0
915,30.5,403.2720289480866,193.3334809786338,71.8715066913361,lost,4,0
916,30.533333333333335,392.36507936507934,325.51190476190476,55.41419160301238,reselected,5,4
917,30.566666666666666,392.36507936507934,325.51190476190476,55.41419160301238,lost,5,0
918,30.6,397.7849918914934,332.4427465723131,58.69206022433033,detected,5,4
919,30.633333333333333,400.49494815470047,335.90816747751734,58.69206022433033,lost,5,0
920,30.666666666666668,402.93067675798886,342.0188374770369,63.701872889929106,detected,5,4
921,30.7,406.14306886935344,347.624722263027,63.701872889929106,lost,5,0
922,30.733333333333334,409.09846961180887,352.7821362661379,63.701872889929106,lost,5,0
923,30.766666666666666,411.8174382948678,357.52695714899994,63.701872889929106,lost,5,0
924,30.8,414.3188894832821,361.892192361233,63.701872889929106,lost,5,0
925,30.833333333333332,414.54103632378406,361.05884982625554,68.44443394593857,detected,5,4
926,30.866666666666667,416.4931778187079,363.85499167497034,68.44443394593857,lost,5,0
927,30.9,418.2891479940379,366.4274421757879,68.44443394593857,lost,5,0
928,30.933333333333334,419.94144055534144,368.79409663654013,68.44443394593857,lost,5,0
929,30.966666666666665,421.4615497117407,370.97141874043217,68.44443394593857,lost,5,0
930,31.0,422.86005013562806,372.97455507601285,68.44443394593857,lost,5,0
931,31.033333333333335,424.1466705256044,374.817440504747,68.44443394593857,lost,5,0
932,31.066666666666666,425.33036128438266,376.5128950991825,68.44443394593857,lost,5,0
933,31.1,426.41935678245864,378.07271332606314,68.44443394593857,lost,5,0
934,31.133333333333333,427.4212326406885,379.50774609479333,68.44443394593857,lost,5,0
935,31.166666666666668,428.34295843026,380.8279762420251,68.44443394593857,lost,5,0
936,31.2,429.1909461566658,382.0425879774783,68.44443394593857,lost,5,0
937,31.233333333333334,429.9710948649591,383.1600307740953,68.44443394593857,lost,5,0
938,31.266666666666666,424.89023830416227,378.79188912209315,70.03569650998455,detected,5,4
939,31.3,420.7298075575116,374.84763775163583,71.16158421874428,detected,5,4
940,31.333333333333332,422.38613514475924,370.36667866400023,72.7372534491946,detected,5,5
941,31.366666666666667,420.3328823616778,370.690514675723,72.24064405164188,detected,5,4
942,31.4,417.63073488458747,367.100732549006,72.24064405164188,lost,5,0
943,31.433333333333334,415.1447592056644,363.79813299242636,72.24064405164188,lost,5,0
944,31.466666666666665,412.8576615810552,360.7597414003731,72.24064405164188,lost,5,0
945,31.5,410.44205391698404,358.49848781634824,76.05549123223176,detected,5,4
946,31.533333333333335,410.9405617843388,357.1194436164526,78.49263747824259,detected,5,4
947,31.566666666666666,408.8769295710178,353.7364151134939,78.49263747824259,lost,5,0
948,31.6,406.9783879347625,350.62402889077185,78.49263747824259,lost,5,0
949,31.633333333333333,422.0746923353256,350.2637790365908,76.17775167216314,detected,5,4
950,31.666666666666668,428.22551789132325,347.79293784957684,76.17775167216314,lost,5,0
951,31.7,447.66544854186407,355.2893436963649,85.47216553482062,detected,5,4
952,31.733333333333334,461.91242147634875,357.2190075061166,85.47216553482062,lost,5,0
953,31.766666666666666,475.0196365760746,358.9942982110882,85.47216553482062,lost,5,0
954,31.8,462.717792249022,361.893430672503,84.04064029979388,detected,5,4
955,31.833333333333332,466.21378039889396,364.64961086206944,84.04064029979388,lost,5,0
956,31.866666666666667,469.43008949677613,367.1852966364706,84.04064029979388,lost,5,0
957,31.9,472.38909386682775,369.5181275489196,84.04064029979388,lost,5,0
958,31.933333333333334,475.11137788727524,371.66433198837274,84.04064029979388,lost,5,0
959,31.966666666666665,477.61587918608694,373.6388400726696,84.04064029979388,lost,5,0
960,32.0,474.04181666827867,373.81944862191506,88.11346956688745,detected,5,4
961,32.03333333333333,474.09809836529996,375.36299084658026,88.11346956688745,lost,5,0
962,32.06666666666667,472.80220634971386,367.4270086651168,95.43426088361953,detected,5,5
963,32.1,472.1956836709285,364.5950646517386,95.43426088361953,lost,5,0
964,32.13333333333333,485.8561385262565,367.1130420940985,104.43219104164814,detected,5,4
965,32.166666666666664,484.5393079180316,364.5848135513025,107.81144455563523,detected,5,4
966,32.2,488.9879540027816,362.6604416217714,107.81144455563523,lost,5,0
967,32.233333333333334,493.0807084007515,360.89001944660276,107.81144455563523,lost,5,0
968,32.266666666666666,496.84604244688387,359.26123104544763,107.81144455563523,lost,5,0
969,32.3,500.3101497693256,357.7627457163849,107.81144455563523,lost,5,0
970,32.333333333333336,503.49712850597206,356.38413921364725,107.81144455563523,lost,5,0
971,32.36666666666667,506.42914894368676,355.11582123112856,107.81144455563523,lost,5,0
972,32.4,509.1266077463843,353.9489686872114,107.81144455563523,lost,5,0
973,32.43333333333333,511.6082698448661,352.8754643468076,107.81144455563523,lost,5,0
974,32.46666666666667,513.8913989754693,351.8878403536361,107.81144455563523,lost,5,0
975,32.5,515.9918777756243,350.9792262799183,107.81144455563523,lost,5,0
976,32.53333333333333,517.9243182717669,350.1433013320979,107.81144455563523,lost,5,0
977,32.56666666666667,519.7021635282181,349.37425038010315,107.81144455563523,lost,5,0
978,32.6,521.3377811641532,348.66672350426796,107.81144455563523,lost,5,0
979,32.63333333333333,521.427668698492,336.8750341025608,112.74985530506994,detected,5,4
980,32.666666666666664,522.6764270457095,330.45844962109254,112.74985530506994,lost,5,0
981,32.7,523.8252847251497,324.55519189814174,112.74985530506994,lost,5,0
982,32.733333333333334,524.8822337902346,319.124194793027,112.74985530506994,lost,5,0
983,32.766666666666666,514.3094542703409,313.70326925073704,110.14424768993148,detected,5,4
984,32.8,509.80097902229653,306.9955926102276,110.14424768993148,lost,5,0
985,32.833333333333336,508.1986202002631,306.3711260579398,109.01458118649705,detected,5,4
986,32.86666666666667,504.0792030066858,301.122042774381,109.01458118649705,lost,5,0
987,32.9,500.2893391885947,296.29288615350686,109.01458118649705,lost,5,0
988,32.93333333333333,496.80266447595085,291.85006206230264,109.01458118649705,lost,5,0
989,32.96666666666667,493.5949237403185,287.76266389839475,109.01458118649705,lost,5,0
990,33.0,490.64380226353677,284.0022575875995,109.01458118649705,lost,5,0
991,33.03333333333333,486.16826067865384,284.29618468549916,101.85546743439232,detected,5,5
992,33.06666666666667,481.758464479301,281.6754891897037,101.85546743439232,lost,5,0
993,33.1,477.70145197589636,279.26444933357186,101.85546743439232,lost,5,0
994,33.13333333333333,473.9690004727641,277.0462926659306,101.85546743439232,lost,5,0
995,33.166666666666664,470.5351450898824,275.0055885317006,101.85546743439232,lost,5,0
996,33.2,467.37599813763126,273.128140728209,101.85546743439232,lost,5,0
997,33.233333333333334,464.4695829415602,271.40088874899675,101.85546743439232,lost,5,0
998,33.266666666666666,461.7956809611748,269.81181692812146,101.85546743439232,lost,5,0
999,33.3,459.3356911392203,268.3498708529162,101.85546743439232,lost,5,0
1000,33.333333333333336,457.0725005030221,267.0048804637273,101.85546743439232,lost,5,0
1001,33.36666666666667,454.9903651177198,265.76748930567356,101.85546743439232,lost,5,0
1002,33.4,462.5261518437411,266.01007341533693,94.88950439554132,detected,5,4
1003,33.43333333333333,464.76159356316924,265.2206455778411,94.88950439554132,lost,5,0
1004,33.46666666666667,466.81819994504315,264.4943719673449,94.88950439554132,lost,5,0
1005,33.5,468.7102778163671,263.82620024568837,94.88950439554132,lost,5,0
1006,33.53333333333333,470.4509894579852,263.2114822617644,94.88950439554132,lost,5,0
1007,33.56666666666667,472.05244416827384,262.6459417165543,94.88950439554132,lost,5,0
1008,33.6,473.5257825017394,262.1256444149611,94.88950439554132,lost,5,0
1009,33.63333333333333,474.8812537685277,261.6469708974953,94.88950439554132,lost,5,0
1010,33.666666666666664,476.12828733397293,261.20659126142675,94.88950439554132,lost,5,0
1011,33.7,466.83240258374065,256.7487784522016,85.27744145180962,detected,5,4
1012,33.733333333333334,463.10227691279215,254.19575263544257,85.27744145180962,lost,5,0
1013,33.766666666666666,443.1738497219197,255.4793438283089,78.54632287018812,detected,5,4
1014,33.8,454.52474326968434,248.64364344868812,75.70397320699578,detected,5,5
1015,33.833333333333336,450.03252117216323,244.23600813511658,75.70397320699578,lost,5,0
1016,33.86666666666667,452.86165688074715,243.95528325445258,71.93728830827412,detected,5,4
1017,33.9,450.96994927126354,240.5709012233319,71.93728830827412,lost,5,0
1018,33.93333333333333,449.22957827053864,237.4572697547009,71.93728830827412,lost,5,0
1019,33.96666666666667,451.9186037743649,238.55649230438362,69.71695356618638,detected,5,4
1020,34.0,451.9822034697445,236.81447081831257,69.71695356618638,lost,5,0
1021,34.03333333333333,452.0407151894937,235.2118110511272,69.71695356618638,lost,5,0
1022,34.06666666666667,452.09454597166297,233.73736406531665,69.71695356618638,lost,5,0
1023,34.1,452.1440702912587,232.38087283837095,69.71695356618638,lost,5,0
1024,34.13333333333333,452.18963266528675,231.1329009095809,69.71695356618638,lost,5,0
1025,34.166666666666664,452.2315500493926,229.98476673509407,69.71695356618638,lost,5,0
1026,34.2,452.27011404276993,228.92848329456618,69.71695356618638,lost,5,0
1027,34.233333333333334,452.3055929166771,227.9567025292805,69.71695356618638,lost,5,0
1028,34.266666666666666,452.3382334806717,227.0626642252177,69.71695356618638,lost,5,0
1029,34.3,452.36826279954676,226.24014898547992,69.71695356618638,lost,5,0
1030,34.333333333333336,468.76444329732533,235.27843795304767,76.57024230685408,detected,5,4
1031,34.36666666666667,476.9846351249067,239.19221122038454,76.57024230685408,lost,5,0
1032,34.4,468.03009464748686,246.59769802708252,75.87824279027089,detected,5,4
1033,34.43333333333333,459.81988296366967,243.89355287103476,79.12496747106229,detected,5,4
1034,34.46666666666667,469.3996220858941,239.13613172262086,81.26844298456577,detected,5,4
1035,34.5,471.91199317916903,239.88906262398453,81.26844298456577,lost,5,0
1036,34.53333333333333,474.22337458498197,240.5817590532391,81.26844298456577,lost,5,0
1037,34.56666666666667,476.3498454783299,241.2190397681533,81.26844298456577,lost,5,0
1038,34.6,473.69705812498677,249.2375691122886,82.38296929730298,detected,5,4
1039,34.63333333333333,470.6340902296513,256.96090029908385,82.02009179843742,detected,5,4
1040,34.666666666666664,469.2935574026495,264.4052085150771,82.02009179843742,lost,5,0
1041,34.7,460.5522123275424,274.97942552629246,78.24591869414866,detected,5,4
1042,34.733333333333334,455.1949076293156,285.74554487887116,78.24591869414866,lost,5,0
1043,34.766666666666666,450.2661873069469,295.65037468324357,78.24591869414866,lost,5,0
1044,34.8,445.7317646103677,304.76281810326617,78.24591869414866,lost,5,0
1045,34.833333333333336,432.9432104497773,301.24709916532686,75.31904338175966,detected,5,4
1046,34.86666666666667,423.2115982647999,306.19599805349384,75.31904338175966,lost,5,0
1047,34.9,414.2585150546206,310.74898503060746,75.31904338175966,lost,5,0
1048,34.93333333333333,406.0216785012557,314.937733049552,75.31904338175966,lost,5,0
1049,34.96666666666667,398.4437888721599,318.79138122698095,75.31904338175966,lost,5,0
1050,35.0,391.4721304133918,322.3367375502156,75.31904338175966,lost,5,0
1051,35.03333333333333,385.05820463132517,325.5984653675915,75.31904338175966,lost,5,0
1052,35.06666666666667,379.1573929118239,328.59925495957725,75.31904338175966,lost,5,0
1053,35.1,373.7286461298827,331.3599813842042,75.31904338175966,lost,5,0
1054,35.13333333333333,368.7341990904968,333.899849694861,75.31904338175966,lost,5,0
1055,35.166666666666664,364.13930781426177,336.23652854066523,75.31904338175966,lost,5,0
1056,35.2,359.91200784012557,338.3862730788051,75.31904338175966,lost,5,0
1057,35.233333333333334,356.0228918639202,340.3640380538938,75.31904338175966,lost,5,0
1058,35.266666666666666,350.76883715916847,326.03801466907095,73.2484517026405,detected,5,4
1059,35.3,345.2794204483055,320.33063799832485,73.2484517026405,lost,5,0
1060,35.333333333333336,340.2291570743115,315.07985146123843,73.2484517026405,lost,5,0
1061,35.36666666666667,335.58291477023704,310.2491278471189,73.2484517026405,lost,5,0
1062,35.4,331.3083718504885,305.80486212212895,73.2484517026405,lost,5,0
1063,35.43333333333333,327.3757923643199,301.7161376551382,73.2484517026405,lost,5,0
1064,35.46666666666667,323.7578192370448,297.9545111455067,73.2484517026405,lost,5,0
1065,35.5,320.4292839599517,294.4938147566457,73.2484517026405,lost,5,0
1066,35.53333333333333,317.36703150502603,291.30997407889356,73.2484517026405,lost,5,0
1067,35.56666666666667,314.54975924649443,288.3808406553616,73.2484517026405,lost,5,0
1068,35.6,311.95786876864537,285.6860379057122,73.2484517026405,lost,5,0
1069,35.63333333333333,309.5733295290242,283.2068193760348,73.2484517026405,lost,5,0
1070,35.666666666666664,307.3795534285727,280.92593832873155,73.2484517026405,lost,5,0
1071,35.7,305.36127941615734,278.82752776521255,73.2484517026405,lost,5,0
1072,35.733333333333334,303.50446732473523,276.8969900467751,73.2484517026405,lost,5,0
1073,35.766666666666666,301.79620020062686,275.12089534581264,73.2484517026405,lost,5,0
1074,35.8,321.6352731790528,268.1374560589233,76.86796935910473,detected,5,4
1075,35.833333333333336,330.29752506492196,263.33853071557024,76.86796935910473,lost,5,0
1076,35.86666666666667,338.2667967999216,258.92351939968546,76.86796935910473,lost,5,0
1077,35.9,351.7082262281011,247.50966719536683,85.68646366857023,detected,5,4
1078,35.93333333333333,364.2943249391506,238.5532927647163,85.68646366857023,lost,5,0
1079,35.96666666666667,375.87353575331616,230.31342828851783,85.68646366857023,lost,5,0
1080,36.0,386.5264097023485,222.73275297041522,85.68646366857023,lost,5,0
1081,36.03333333333333,396.3270537354582,215.75853167776083,85.68646366857023,lost,5,0
1082,36.06666666666667,405.34364624591916,209.34224808851877,85.68646366857023,lost,5,0
1083,36.1,413.63891135554326,203.4392671864161,85.68646366857023,lost,5,0
1084,36.13333333333333,421.2705552563974,198.00852475648162,85.68646366857023,lost,5,0
1085,36.166666666666664,428.2916676451832,193.01224172094192,85.68646366857023,lost,5,0
1086,36.2,434.75109104286616,188.4156613282454,85.68646366857023,lost,5,0
1087,36.233333333333334,440.6937605687345,184.1868073669646,85.68646366857023,lost,5,0
1088,36.266666666666666,446.1610165325333,180.29626172258622,85.68646366857023,lost,5,0
1089,36.3,451.1908920192283,176.71695972975814,85.68646366857023,lost,5,0
1090,36.333333333333336,455.8183774669876,173.42400189635632,85.68646366857023,lost,5,0
1091,36.36666666666667,460.0756640789262,170.39448068962662,85.68646366857023,lost,5,0
1092,36.4,463.9923677619097,167.6073211794353,85.68646366857023,lost,5,0
1093,36.43333333333333,467.59573515025454,165.0431344300593,85.68646366857023,lost,5,0
1094,36.46666666666667,470.9108331475318,162.68408262063338,85.68646366857023,lost,5,0
1095,36.5,473.9607233050268,160.51375495596153,85.68646366857023,lost,5,0
1096,36.53333333333333,476.76662224992225,158.51705350446343,85.68646366857023,lost,5,0
1097,36.56666666666667,479.3480492792261,156.68008816908517,85.68646366857023,lost,5,0
1098,36.6,481.7229621461856,154.99008006053717,85.68646366857023,lost,5,0
1099,36.63333333333333,483.90788198378834,153.43527260067302,85.68646366857023,lost,5,0
1100,36.666666666666664,485.91800823438285,152.004849737598,85.68646366857023,lost,5,0
1101,36.7,487.76732438492985,150.68886070356896,85.68646366857023,lost,5,0
1102,36.733333333333334,489.46869524343305,149.47815079226226,85.68646366857023,lost,5,0
1103,36.766666666666666,491.033956433256,148.36429767386008,85.68646366857023,lost,5,0
1104,36.8,492.4739967278931,147.3395528049301,85.68646366857023,lost,5,0
1105,36.833333333333336,493.79883379895927,146.3967875255145,85.68646366857023,lost,5,0
1106,36.86666666666667,495.0176839043401,145.52944346845214,85.68646366857023,lost,5,0
1107,36.9,496.1390260012905,144.7314869359548,85.68646366857023,lost,5,0
1108,36.93333333333333,497.1706607304849,143.99736692605723,85.68646366857023,lost,5,0
1109,36.96666666666667,498.11976468134367,143.32197651695145,85.68646366857023,lost,5,0
1110,37.0,498.9929403161338,142.70061734057415,85.68646366857023,lost,5,0
1111,37.03333333333333,499.7962619001407,142.12896689830703,85.68646366857023,lost,5,0
1112,37.06666666666667,500.53531775742704,141.60304849142128,85.68646366857023,lost,5,0
1113,37.1,501.2152491461305,141.1192035570864,85.68646366857023,lost,5,0
1114,37.13333333333333,501.8407860237376,140.6740662174983,85.68646366857023,lost,5,0
1115,37.166666666666664,502.41627995113623,140.26453986507727,85.68646366857023,lost,5,0
1116,37.2,502.9457343643429,139.8877756208499,85.68646366857023,lost,5,0
1117,37.233333333333334,503.4328324244931,139.54115251616074,85.68646366857023,lost,5,0
1118,37.266666666666666,503.88096263983124,139.22225925984668,85.68646366857023,lost,5,0
1119,37.3,504.29324243794235,138.92887746403775,85.68646366857023,lost,5,0
1120,37.333333333333336,504.6725398522046,138.65896621189356,85.68646366857023,lost,5,0
1121,37.36666666666667,505.0214934733258,138.41064785992089,85.68646366857023,lost,5,0
1122,37.4,505.3425308047573,138.18219497610602,85.68646366857023,lost,5,0
1123,37.43333333333333,505.63788514967433,137.97201832299635,85.68646366857023,lost,5,0
1124,37.46666666666667,505.909611146998,137.77865580213546,85.68646366857023,lost,5,0
1125,37.5,506.1595990645357,137.60076228294344,85.68646366857023,lost,5,0
1126,37.53333333333333,506.38958794867045,137.43710024528679,85.68646366857023,lost,5,0
1127,37.56666666666667,506.6011777220744,137.28653117064266,85.68646366857023,lost,5,0
1128,37.6,506.79584031360605,137.14800762197007,85.68646366857023,lost,5,0
1129,37.63333333333333,506.9749298978152,137.02056595719128,85.68646366857023,lost,5,0
1130,37.666666666666664,507.13969231528756,136.9033196255948,85.68646366857023,lost,5,0
1131,37.7,507.29127373936217,136.79545300052604,85.68646366857023,lost,5,0
1132,37.733333333333334,507.4307286495108,136.69621570546278,85.68646366857023,lost,5,0
1133,37.766666666666666,507.55902716684756,136.60491739400456,85.68646366857023,lost,5,0
1134,37.8,507.67706180279737,136.52092294746302,85.68646366857023,lost,5,0
1135,37.833333333333336,507.7856536678712,136.4436480566448,85.68646366857023,lost,5,0
1136,37.86666666666667,507.88555818373914,136.37255515709202,85.68646366857023,lost,5,0
1137,37.9,507.97747033833764,136.3071496895035,85.68646366857023,lost,5,0
1138,37.93333333333333,318.10722100656454,254.93479212253828,78.14852740035985,reselected,6,4
1139,37.96666666666667,318.10722100656454,254.93479212253828,78.14852740035985,lost,6,0
1140,38.0,318.10722100656454,254.93479212253828,78.14852740035985,lost,6,0
1141,38.03333333333333,318.10722100656454,254.93479212253828,78.14852740035985,lost,6,0
1142,38.06666666666667,318.10722100656454,254.93479212253828,78.14852740035985,lost,6,0
1143,38.1,318.10722100656454,254.93479212253828,78.14852740035985,lost,6,0
1144,38.13333333333333,318.10722100656454,254.93479212253828,78.14852740035985,lost,6,0
1145,38.166666666666664,318.10722100656454,254.93479212253828,78.14852740035985,lost,6,0
1146,38.2,318.10722100656454,254.93479212253828,78.14852740035985,lost,6,0
1147,38.233333333333334,318.10722100656454,254.93479212253828,78.14852740035985,lost,6,0
1148,38.266666666666666,318.10722100656454,254.93479212253828,78.14852740035985,lost,6,0
1149,38.3,318.10722100656454,254.93479212253828,78.14852740035985,lost,6,0
1150,38.333333333333336,318.10722100656454,254.93479212253828,78.14852740035985,lost,6,0
1151,38.36666666666667,318.10722100656454,254.93479212253828,78.14852740035985,lost,6,0
1152,38.4,318.10722100656454,254.93479212253828,78.14852740035985,lost,6,0
1153,38.43333333333333,318.10722100656454,254.93479212253828,78.14852740035985,lost,6,0
1154,38.46666666666667,310.4643326039387,252.45178436443206,80.74134725371232,detected,6,4
1155,38.5,305.582630272536,246.64509493087934,85.73788391985241,detected,6,5
1156,38.53333333333333,300.0846237457843,242.74854711086047,85.73788391985241,lost,6,0
1157,38.56666666666667,299.85077424747055,248.69168145800563,84.77746670426146,detected,6,4
1158,38.6,295.6873166946244,248.79538943604433,84.77746670426146,lost,6,0
1159,38.63333333333333,291.856935746006,248.89080077583995,84.77746670426146,lost,6,0
1160,38.666666666666664,288.3329852732771,248.97857920845192,84.77746670426146,lost,6,0
1161,38.7,285.09095083836644,249.05933536645492,84.77746670426146,lost,6,0
1162,38.733333333333334,282.10827915824865,249.13363103181769,84.77746670426146,lost,6,0
1163,38.766666666666666,279.3642212125403,249.20198304395143,84.77746670426146,lost,6,0
1164,38.8,276.8396879024886,249.26486689511447,84.77746670426146,lost,6,0
1165,38.833333333333336,274.51711725724107,249.32272003818446,84.77746670426146,lost,6,0
1166,38.86666666666667,272.3803522636133,249.37594492980887,84.77746670426146,lost,6,0
1167,38.9,270.4145284694758,249.42491183010333,84.77746670426146,lost,6,0
1168,38.93333333333333,268.60597057886923,249.46996137837422,84.77746670426146,lost,6,0
1169,38.96666666666667,281.048089389575,259.53268105237663,81.52749060143738,detected,6,4
1170,39.0,285.9380501874415,264.5971973569052,81.52749060143738,lost,6,0
1171,39.03333333333333,290.4368141214787,269.25655235707154,81.52749060143738,lost,6,0
1172,39.06666666666667,294.5756769407929,273.54315895722453,81.52749060143738,lost,6,0
1173,39.1,298.38343073456195,277.4868370293653,81.52749060143738,lost,6,0
1174,39.13333333333333,301.8865642248295,281.11502085573477,81.52749060143738,lost,6,0
1175,39.166666666666664,305.10944703587563,284.4529499759947,81.52749060143738,lost,6,0
1176,39.2,305.05028360614074,288.25638537021223,75.30245553211492,detected,6,4
1177,39.233333333333334,307.39274364020326,292.6148188998323,75.30245553211492,lost,6,0
1178,39.266666666666666,309.5478068715408,296.62457774708275,75.30245553211492,lost,6,0
1179,39.3,311.5304650443713,300.31355588655316,75.30245553211492,lost,6,0
1180,39.333333333333336,313.35451056337536,303.7074157748659,75.30245553211492,lost,6,0
1181,39.36666666666667,315.0326324408591,306.8297668721137,75.30245553211492,lost,6,0
1182,39.4,316.5765045681442,309.70232988158165,75.30245553211492,lost,6,0
1183,39.43333333333333,317.9968669252464,312.34508785029215,75.30245553211492,lost,6,0
1184,39.46666666666667,319.3036002937805,314.77642518150583,75.30245553211492,lost,6,0
1185,39.5,320.50579499283185,317.0132555262224,75.30245553211492,lost,6,0
1186,39.53333333333333,321.6118141159591,319.07113944336163,75.30245553211492,lost,6,0
1187,39.56666666666667,322.6293517092361,320.9643926471297,75.30245553211492,lost,6,0
1188,39.6,323.565486295051,322.7061855945964,75.30245553211492,lost,6,0
1189,39.63333333333333,324.4267301140007,324.3086351062657,75.30245553211492,lost,6,0
1190,39.666666666666664,325.2190744274344,325.7828886570015,75.30245553211492,lost,6,0
1191,39.7,325.9480311957934,327.1392019236784,75.30245553211492,lost,6,0
1192,39.733333333333334,326.61867142268375,328.3870101290212,75.30245553211492,lost,6,0
1193,39.766666666666666,327.23566043142284,329.53499367793654,75.30245553211492,lost,6,0
1194,39.8,327.8032903194628,330.59113854293867,75.30245553211492,lost,6,0
1195,39.833333333333336,328.32550981645954,331.5627918187406,75.30245553211492,lost,6,0
1196,39.86666666666667,328.80595175369655,332.4567128324784,75.30245553211492,lost,6,0
1197,39.9,329.2479583359546,333.27912016511715,75.30245553211492,lost,6,0
1198,39.93333333333333,329.654604391632,334.0357349111448,75.30245553211492,lost,6,0
1199,39.96666666666667,330.02871876285525,334.73182047749026,75.30245553211492,lost,6,0
1200,40.0,330.3729039843806,335.37221919852806,75.30245553211492,lost,6,0
1201,40.03333333333333,330.689554388184,335.96138602188284,75.30245553211492,lost,6,0
1202,40.06666666666667,332.99705828928995,336.85965059055945,70.40439806786038,detected,6,4
1203,40.1,334.3838649370422,337.7424096568869,70.40439806786038,lost,6,0
1204,40.13333333333333,335.30058923249555,340.5157160644024,66.7812181429253,detected,6,4
1205,40.166666666666664,336.7796410729679,342.55207994097714,66.7812181429253,lost,6,0
1206,40.2,338.1403687662024,344.4255347074259,66.7812181429253,lost,6,0
1207,40.233333333333334,339.3922382439782,346.1491130925588,66.7812181429253,lost,6,0
1208,40.266666666666666,340.54395816353195,347.73480520688105,66.7812181429253,lost,6,0
1209,40.3,341.6035404895214,349.19364195205753,66.7812181429253,lost,6,0
1210,40.333333333333336,342.5783562294317,350.5357717576199,66.7812181429253,lost,6,0
1211,40.36666666666667,343.4751867101491,351.77053117873726,66.7812181429253,lost,6,0
1212,40.4,344.3002707524092,352.90650984616525,66.7812181429253,lost,6,0
1213,40.43333333333333,345.0593480712884,353.951610220199,66.7812181429253,lost,6,0
1214,40.46666666666667,345.75769920465734,354.91310256431,66.7812181429253,lost,6,0
1215,40.5,346.4001822473567,355.79767552089214,66.7812181429253,lost,6,0
1216,40.53333333333333,346.99126664664016,356.6114826409477,66.7812181429253,lost,6,0
1217,40.56666666666667,347.53506429398095,357.36018519139884,66.7812181429253,lost,6,0
1218,40.6,348.0353581295345,358.0489915378139,66.7812181429253,lost,6,0
1219,40.63333333333333,348.4956284582437,358.6826933765157,66.7812181429253,lost,6,0
1220,40.666666666666664,348.9190771606562,359.2656990681214,66.7812181429253,lost,6,0
1221,40.7,349.3086499668757,359.80206430439864,66.7812181429253,lost,6,0
1222,40.733333333333334,349.66705694859763,360.2955203217737,66.7812181429253,lost,6,0
1223,40.766666666666666,349.9967913717818,360.7494998577588,66.7812181429253,lost,6,0
1224,40.8,350.30014704111125,361.16716103086503,66.7812181429253,lost,6,0
1225,40.833333333333336,350.5792342568943,361.5514093101228,66.7812181429253,lost,6,0
1226,40.86666666666667,350.83599449541475,361.9049177270399,66.7812181429253,lost,6,0
1227,40.9,351.07221391485353,362.23014547060365,66.7812181429253,lost,6,0
1228,40.93333333333333,351.28953578073725,362.5293549946823,66.7812181429253,lost,6,0
1229,40.96666666666667,351.48947189735026,362.8046277568347,66.7812181429253,lost,6,0
1230,41.0,351.67341312463424,363.05787869801486,66.7812181429253,lost,6,0
1231,41.03333333333333,351.84263905373547,363.2908695639006,66.7812181429253,lost,6,0
1232,41.06666666666667,351.9983269085086,363.50522116051553,66.7812181429253,lost,6,0
1233,41.1,352.1415597348999,363.70242462940126,66.7812181429253,lost,6,0
1234,41.13333333333333,352.2733339351799,363.8838518207761,66.7812181429253,lost,6,0
1235,41.166666666666664,352.39456619943746,364.050764836841,66.7812181429253,lost,6,0
1236,41.2,352.50609988255445,364.20432481162067,66.7812181429253,lost,6,0
1237,41.233333333333334,352.6087108710221,364.345599988418,66.7812181429253,lost,6,0
1238,41.266666666666666,352.7031129804123,364.4755731510715,66.7812181429253,lost,6,0
1239,41.3,352.7899629210513,364.5951484607127,66.7812181429253,lost,6,0
1240,41.333333333333336,352.8698648664392,364.70515774558265,66.7812181429253,lost,6,0
1241,41.36666666666667,352.943374656196,364.80636628766297,66.7812181429253,lost,6,0
1242,41.4,353.0110036627723,364.8994781463769,66.7812181429253,lost,6,0
1243,41.43333333333333,353.07322234882247,364.98514105639373,66.7812181429253,lost,6,0
1244,41.46666666666667,353.1304635399886,365.0639509336092,66.7812181429253,lost,6,0
1245,41.5,353.1831254358615,365.1364560206474,66.7812181429253,lost,6,0
1246,41.53333333333333,353.23157438006456,365.2031607007226,66.7812181429253,lost,6,0
1247,41.56666666666667,353.2761474087314,365.26452900639174,66.7812181429253,lost,6,0
1248,41.6,353.31715459510485,365.32098784760734,66.7812181429253,lost,6,0
1249,41.63333333333333,353.35488120656845,365.3729299815257,66.7812181429253,lost,6,0
1250,41.666666666666664,353.3895896891149,365.4207167447306,66.7812181429253,lost,6,0
1251,41.7,353.4215214930577,365.4646805668791,66.7812181429253,lost,6,0
1252,41.733333333333334,353.4508987526851,365.5051272832557,66.7812181429253,lost,6,0
1253,41.766666666666666,353.4779258315422,365.54233826232223,66.7812181429253,lost,6,0
1254,41.8,353.5027907440908,365.5765723630634,66.7812181429253,lost,6,0
1255,41.833333333333336,353.5256664636355,365.6080677357453,66.7812181429253,lost,6,0
1256,41.86666666666667,353.54671212561664,365.6370434786126,66.7812181429253,lost,6,0
1257,41.9,353.5660741346393,365.66370116205053,66.7812181429253,lost,6,0
1258,41.93333333333333,353.5838871829401,365.6882262308134,66.7812181429253,lost,6,0
1259,41.96666666666667,353.60027518737684,365.7107892940753,66.7812181429253,lost,6,0
1260,42.0,353.61535215145864,365.73154731227623,66.7812181429253,lost,6,0
1261,42.03333333333333,353.6292229584139,365.7506446890211,66.7812181429253,lost,6,0
1262,42.06666666666667,353.64198410081275,365.76821427562635,66.7812181429253,lost,6,0
1263,42.1,353.6537243518197,365.7843782953032,66.7812181429253,lost,6,0
1264,42.13333333333333,353.6645253827461,365.7992491934059,66.7812181429253,lost,6,0
1265,42.166666666666664,353.67446233119836,365.8129304196604,66.7812181429253,lost,6,0
1266,42.2,353.68360432377443,365.82551714781454,66.7812181429253,lost,6,0
1267,42.233333333333334,353.69201495694443,365.83709693771635,66.7812181429253,lost,6,0
1268,42.266666666666666,353.69975273946085,365.847750344426,66.7812181429253,lost,6,0
1269,42.3,353.70687149937595,365.8575514785989,66.7812181429253,lost,6,0
1270,42.333333333333336,353.7134207584978,365.86656852203794,66.7812181429253,lost,6,0
1271,42.36666666666667,353.71944607688994,365.87486420200185,66.7812181429253,lost,6,0
1272,42.4,353.7249893698107,365.88249622756865,66.7812181429253,lost,6,0
1273,42.43333333333333,353.7300891992978,365.88951769109013,66.7812181429253,lost,6,0
1274,42.46666666666667,353.73478104242594,365.8959774375299,66.7812181429253,lost,6,0
1275,42.5,353.7390975381038,365.90192040425444,66.7812181429253,lost,6,0
1276,42.53333333333333,353.74306871412745,365.907387933641,66.7812181429253,lost,6,0
1277,42.56666666666667,353.7467221960692,365.9124180606767,66.7812181429253,lost,6,0
1278,42.6,353.7500833994556,365.91704577754956,66.7812181429253,lost,6,0
1279,42.63333333333333,449.0983606557377,335.1967213114754,77.90130902535257,reselected,7,4
1280,42.666666666666664,449.0983606557377,335.1967213114754,77.90130902535257,lost,7,0
1281,42.7,449.0983606557377,335.1967213114754,77.90130902535257,lost,7,0
1282,42.733333333333334,449.0983606557377,335.1967213114754,77.90130902535257,lost,7,0
1283,42.766666666666666,449.0983606557377,335.1967213114754,77.90130902535257,lost,7,0
1284,42.8,449.0983606557377,335.1967213114754,77.90130902535257,lost,7,0
1285,42.833333333333336,449.0983606557377,335.1967213114754,77.90130902535257,lost,7,0
1286,42.86666666666667,449.0983606557377,335.1967213114754,77.90130902535257,lost,7,0
1287,42.9,449.0983606557377,335.1967213114754,77.90130902535257,lost,7,0
1288,42.93333333333333,449.0983606557377,335.1967213114754,77.90130902535257,lost,7,0
1289,42.96666666666667,449.0983606557377,335.1967213114754,77.90130902535257,lost,7,0
1290,43.0,449.0983606557377,335.1967213114754,77.90130902535257,lost,7,0
1291,43.03333333333333,449.0983606557377,335.1967213114754,77.90130902535257,lost,7,0
1292,43.06666666666667,449.0983606557377,335.1967213114754,77.90130902535257,lost,7,0
1293,43.1,449.0983606557377,335.1967213114754,77.90130902535257,lost,7,0
1294,43.13333333333333,449.0983606557377,335.1967213114754,77.90130902535257,lost,7,0
1295,43.166666666666664,449.0983606557377,335.1967213114754,77.90130902535257,lost,7,0
1296,43.2,449.0983606557377,335.1967213114754,77.90130902535257,lost,7,0
1297,43.233333333333334,449.0983606557377,335.1967213114754,77.90130902535257,lost,7,0
1298,43.266666666666666,449.0983606557377,335.1967213114754,77.90130902535257,lost,7,0
1299,43.3,449.0983606557377,335.1967213114754,77.90130902535257,lost,7,0
1300,43.333333333333336,449.0983606557377,335.1967213114754,77.90130902535257,lost,7,0
1301,43.36666666666667,449.0983606557377,335.1967213114754,77.90130902535257,lost,7,0
1302,43.4,449.0983606557377,335.1967213114754,77.90130902535257,lost,7,0
1303,43.43333333333333,449.0983606557377,335.1967213114754,77.90130902535257,lost,7,0
1304,43.46666666666667,449.0983606557377,335.1967213114754,77.90130902535257,lost,7,0
1305,43.5,449.0983606557377,335.1967213114754,77.90130902535257,lost,7,0
1306,43.53333333333333,449.0983606557377,335.1967213114754,77.90130902535257,lost,7,0
1307,43.56666666666667,445.3157374501637,323.3491646180171,82.17295264440222,detected,7,5
1308,43.6,443.42442584737665,317.4253862712879,82.17295264440222,lost,7,0
1309,43.63333333333333,441.6844191728126,311.97551019229707,82.17295264440222,lost,7,0
1310,43.666666666666664,440.0836130322137,306.9616241996255,82.17295264440222,lost,7,0
1311,43.7,438.6108713828627,302.34884908636764,82.17295264440222,lost,7,0
1312,43.733333333333334,437.25594906545973,298.10509598217044,82.17295264440222,lost,7,0
1313,43.766666666666666,436.00942053344903,294.200843126309,82.17295264440222,lost,7,0
1314,43.8,434.8626142839992,290.6089304989165,82.17295264440222,lost,7,0
1315,43.833333333333336,433.80755253450536,287.3043708817154,82.17295264440222,lost,7,0
1316,43.86666666666667,432.83689572497104,284.26417603389035,82.17295264440222,lost,7,0
1317,43.9,431.94389146019944,281.4671967738913,82.17295264440222,lost,7,0
1318,43.93333333333333,431.1223275366096,278.8939758546922,82.17295264440222,lost,7,0
1319,43.96666666666667,430.36648872690694,276.52661260902903,82.17295264440222,lost,7,0
1320,44.0,429.6711170219805,274.3486384230189,82.17295264440222,lost,7,0
1321,44.03333333333333,429.03137505344813,272.34490217188954,82.17295264440222,lost,7,0
1322,44.06666666666667,428.44281244239835,270.5014648208506,82.17295264440222,lost,7,0
1323,44.1,427.90133484023255,268.8055024578947,82.17295264440222,lost,7,0
1324,44.13333333333333,427.40317544624,267.2452170839753,82.17295264440222,lost,7,0
1325,44.166666666666664,426.9448688037669,265.8097545399695,82.17295264440222,lost,7,0
1326,44.2,426.52322669269165,264.48912899948414,82.17295264440222,lost,7,0
1327,44.233333333333334,426.1353159505024,263.2741535022376,82.17295264440222,lost,7,0
1328,44.266666666666666,425.7784380676883,262.15637604477075,82.17295264440222,lost,7,0
1329,44.3,425.4501104154993,261.12802078390126,82.17295264440222,lost,7,0
1330,44.333333333333336,425.14804897548544,260.18193394390136,82.17295264440222,lost,7,0
1331,44.36666666666667,424.87015245067266,259.31153405110143,82.17295264440222,lost,7,0
1332,44.4,424.61448764784495,258.5107661497255,82.17295264440222,lost,7,0
1333,44.43333333333333,424.37927602924344,257.77405968045963,82.17295264440222,lost,7,0
1334,44.46666666666667,424.16288134013007,257.09628972873503,82.17295264440222,lost,7,0
1335,44.5,423.96379822614574,256.47274137314844,82.17295264440222,lost,7,0
1336,44.53333333333333,423.78064176128015,255.89907688600874,82.17295264440222,lost,7,0
1337,44.56666666666667,433.5837168645484,255.5010021956785,86.91827473257692,detected,7,4
1338,44.6,438.3504512580415,254.87974778797854,86.91827473257692,lost,7,0
1339,44.63333333333333,442.73584690005515,254.3081937328946,86.91827473257692,lost,7,0
1340,44.666666666666664,446.7704108907077,253.78236400221738,86.91827473257692,lost,7,0
1341,44.7,450.482209762108,253.2986006499943,86.91827473257692,lost,7,0
1342,44.733333333333334,453.89706472379635,252.8535383659491,86.91827473257692,lost,7,0
1343,44.766666666666666,457.03873128854957,252.4440810646275,86.91827473257692,lost,7,0
1344,44.8,459.9290645281226,252.06738034741164,86.91827473257692,lost,7,0
1345,44.833333333333336,462.5881711085297,251.72081568757304,86.91827473257692,lost,7,0
1346,44.86666666666667,456.7672280399096,246.62360545918457,89.63264992568192,detected,7,4
1347,44.9,455.81385894877917,243.81992875534914,89.63264992568192,lost,7,0
1348,44.93333333333333,454.9367593849392,241.24054618782054,89.63264992568192,lost,7,0
1349,44.96666666666667,454.1298277862064,238.86751422569424,89.63264992568192,lost,7,0
1350,45.0,454.25115572464864,227.9127090925196,95.76859621836851,detected,7,4
1351,45.03333333333333,453.7179180372024,220.68875500180732,95.76859621836851,lost,7,0
1352,45.06666666666667,453.2273393647519,214.04271723835203,95.76859621836851,lost,7,0
1353,45.1,452.77600698609746,207.92836249597315,95.76859621836851,lost,7,0
1354,45.13333333333333,452.3607811977354,202.30315613298458,95.76859621836851,lost,7,0
1355,45.166666666666664,451.97877347244224,197.1279662790351,95.76859621836851,lost,7,0
1356,45.2,451.62732636517256,192.36679161340157,95.76859621836851,lost,7,0
1357,45.233333333333334,451.3039950264845,187.98651092101872,95.76859621836851,lost,7,0
1358,45.266666666666666,451.0065301948914,183.9566526840265,95.76859621836851,lost,7,0
1359,45.3,450.73286254982577,180.24918310599367,95.76859621836851,lost,7,0
1360,45.333333333333336,450.4810883163654,176.83831109420345,95.76859621836851,lost,7,0
1361,45.36666666666667,450.24945602158186,173.70030884335645,95.76859621836851,lost,7,0
1362,45.4,450.036354310381,170.81334677257723,95.76859621836851,lost,7,0
1363,45.43333333333333,449.8403007360762,168.15734166746034,95.76859621836851,lost,7,0
1364,45.46666666666667,449.6599314477158,165.7138169707528,95.76859621836851,lost,7,0
1365,45.5,449.49399170242424,163.46577424978184,95.76859621836851,lost,7,0
1366,45.53333333333333,449.341327136756,161.3975749464886,95.76859621836851,lost,7,0
1367,45.56666666666667,449.2008757363412,159.49483158745878,95.76859621836851,lost,7,0
1368,45.6,449.0716604479596,157.74430769715136,95.76859621836851,lost,7,0
1369,45.63333333333333,448.9527823826485,156.13382571806852,95.76859621836851,lost,7,0
1370,45.666666666666664,448.8434145625623,154.65218229731232,95.76859621836851,lost,7,0
1371,45.7,448.74279616808303,153.2890703502166,95.76859621836851,lost,7,0
1372,45.733333333333334,448.65022724516206,152.03500735888855,95.76859621836851,lost,7,0
1373,45.766666666666666,448.5650638360748,150.88126940686675,95.76859621836851,lost,7,0
1374,45.8,448.4867134997145,149.81983049100668,95.76859621836851,lost,7,0
1375,45.833333333333336,448.41463119026304,148.84330668841542,95.76859621836851,lost,7,0
1376,45.86666666666667,448.3483154655677,147.94490479003147,95.76859621836851,lost,7,0
1377,45.9,448.28730499884796,147.11837504351823,95.76859621836851,lost,7,0
1378,45.93333333333333,448.2311753694658,146.35796767672605,95.76859621836851,lost,7,0
1379,45.96666666666667,448.17953611043424,145.65839289927723,95.76859621836851,lost,7,0
1380,46.0,448.1320279921252,145.01478410402433,95.76859621836851,lost,7,0
1381,46.03333333333333,448.08832052328086,144.42266401239166,95.76859621836851,lost,7,0
1382,46.06666666666667,448.04810965194406,143.8779135280896,95.76859621836851,lost,7,0
1383,46.1,448.01111565031425,143.3767430825317,95.76859621836851,lost,7,0
1384,46.13333333333333,434.83600272352186,154.3967125161857,98.3433805376708,detected,7,4
1385,46.166666666666664,428.2212186749261,159.53783578508208,98.3433805376708,lost,7,0
1386,46.2,419.4815766756484,156.41506381563184,102.62906252475898,detected,7,4
1387,46.233333333333334,410.24327461624307,158.63754455681445,102.62906252475898,lost,7,0
1388,46.266666666666666,401.7440367215902,160.68222683870246,102.62906252475898,lost,7,0
1389,46.3,393.9247378585095,162.56333453803944,102.62906252475898,lost,7,0
1390,46.333333333333336,386.7309829044753,164.29395362142947,102.62906252475898,lost,7,0
1391,46.36666666666667,380.1127283467638,165.88612317814827,102.62906252475898,lost,7,0
1392,46.4,374.02393415366925,167.35091917032958,102.62906252475898,lost,7,0
1393,46.43333333333333,368.42224349602225,168.69853148313638,102.62906252475898,lost,7,0
1394,46.46666666666667,363.268688090987,169.93833481091863,102.62906252475898,lost,7,0
1395,46.5,358.52741711835455,171.0789538724783,102.62906252475898,lost,7,0
1396,46.53333333333333,354.1654478235327,172.12832340911322,102.62906252475898,lost,7,0
1397,46.56666666666667,350.1524360722966,173.09374338281734,102.62906252475898,lost,7,0
1398,46.6,346.4604652611594,173.9819297586251,102.62906252475898,lost,7,0
1399,46.63333333333333,343.0638521149132,174.79906122436827,102.62906252475898,lost,7,0
1400,46.666666666666664,339.93896802036664,175.55082217285198,102.62906252475898,lost,7,0
1401,46.7,337.06407465338384,176.242442245457,102.62906252475898,lost,7,0
1402,46.733333333333334,334.4191727557597,176.87873271225362,102.62906252475898,lost,7,0
1403,46.766666666666666,331.98586300994543,177.4641199417065,102.62906252475898,lost,7,0
1404,46.8,329.74721804379635,178.00267619280316,102.62906252475898,lost,7,0
1405,46.833333333333336,327.6876646749392,178.49814794381209,102.62906252475898,lost,7,0
1406,46.86666666666667,325.7928755755906,178.9539819547403,102.62906252475898,lost,7,0
1407,46.9,324.0496696041899,179.37334924479424,102.62906252475898,lost,7,0
1408,46.93333333333333,322.4459201105012,179.75916715164388,102.62906252475898,lost,7,0
1409,46.96666666666667,320.97047057630766,180.11411962594553,102.62906252475898,lost,7,0
1410,47.0,319.61305700484957,180.44067590230307,102.62906252475898,lost,7,0
1411,47.03333333333333,318.36423651910815,180.741107676552,102.62906252475898,lost,7,0
1412,47.06666666666667,317.215321672226,181.017504908861,102.62906252475898,lost,7,0
1413,47.1,316.15832001309445,181.2717903625853,102.62906252475898,lost,7,0
1414,47.13333333333333,315.1858784866934,181.50573298001166,102.62906252475898,lost,7,0
1415,47.166666666666664,314.29123228240445,181.7209601880439,102.62906252475898,lost,7,0
1416,47.2,313.46815777445863,181.91896921943356,102.62906252475898,lost,7,0
1417,47.233333333333334,312.7109292271485,182.10113752831205,102.62906252475898,lost,7,0
1418,47.266666666666666,312.01427896362316,182.26873237248026,102.62906252475898,lost,7,0
1419,47.3,311.37336072117984,182.422919629115,102.62906252475898,lost,7,0
1420,47.333333333333336,310.783715938132,182.56477190521898,102.62906252475898,lost,7,0
1421,47.36666666666667,310.241242737728,182.69527599923464,102.62906252475898,lost,7,0
1422,47.4,309.7421673933563,182.81533976572905,102.62906252475898,lost,7,0
1423,47.43333333333333,309.2830180765343,182.9257984309039,102.62906252475898,lost,7,0
1424,47.46666666666667,308.86060070505806,183.02742040286478,102.62906252475898,lost,7,0
1425,47.5,308.4719767233,183.12091261706877,102.62906252475898,lost,7,0
1426,47.53333333333333,308.1144426600825,183.20692545413644,102.62906252475898,lost,7,0
1427,47.56666666666667,307.7855113219224,183.2860572642387,102.62906252475898,lost,7,0
1428,47.6,307.4828944908151,183.3588585295328,102.62906252475898,lost,7,0
1429,47.63333333333333,307.2044870061964,183.42583569360335,102.62906252475898,lost,7,0
1430,47.666666666666664,306.94835212034724,183.48745468454825,102.62906252475898,lost,7,0
1431,47.7,306.712708025366,183.54414415621758,102.62906252475898,lost,7,0
1432,47.733333333333334,306.49591545798324,183.59629847015336,102.62906252475898,lost,7,0
1433,47.766666666666666,306.29646629599114,183.64428043897428,102.62906252475898,lost,7,0
1434,47.8,306.1129730669584,183.68842385028952,102.62906252475898,lost,7,0
1435,47.833333333333336,305.94415929624824,183.72903578869955,102.62906252475898,lost,7,0
1436,47.86666666666667,305.7888506271949,183.76639877203675,102.62906252475898,lost,7,0
1437,47.9,305.64596665166584,183.800772716707,102.62906252475898,lost,7,0
1438,47.93333333333333,305.5145133941791,183.83239674580363,102.62906252475898,lost,7,0
1439,47.96666666666667,305.3935763972913,183.86149085257253,102.62906252475898,lost,7,0
1440,48.0,305.28231436015454,183.8882574307999,102.62906252475898,lost,7,0
1441,48.03333333333333,305.1799532859887,183.9128826827691,102.62906252475898,lost,7,0
1442,48.06666666666667,305.0857810977561,183.93553791458075,102.62906252475898,lost,7,0
1443,48.1,304.9991426845822,183.95638072784746,102.62906252475898,lost,7,0
1444,48.13333333333333,304.91943534446216,183.97555611605284,102.62906252475898,lost,7,0
1445,48.166666666666664,304.8461045915517,183.9931974732018,102.62906252475898,lost,7,0
1446,48.2,304.7786402988741,184.00942752177883,102.62906252475898,lost,7,0
1447,48.233333333333334,329.78925228730674,349.7502366179409,91.9020961155001,reselected,8,5
1448,48.266666666666666,326.05862253125713,348.3777051424172,93.26868312164494,detected,8,6
1449,48.3,323.23777552939885,347.97801279568097,95.65249842743691,detected,8,7
1450,48.333333333333336,323.84317430983475,348.3144629200282,95.73790256564514,detected,8,7
1451,48.36666666666667,323.00102871520966,346.35927964521215,97.24232498345856,detected,8,6
1452,48.4,320.270816599535,345.6508773359206,97.98349078339183,detected,8,4
1453,48.43333333333333,325.584073260233,347.1446815807568,97.08026484674532,detected,8,4
1454,48.46666666666667,332.0294181217065,349.06210595015125,95.20069241376935,detected,8,5
1455,48.5,331.43281515272065,349.9688558194589,94.95335723555553,detected,8,5
1456,48.53333333333333,332.02312575260385,350.02754243968604,94.27696870255654,detected,8,6
1457,48.56666666666667,333.99147152678717,350.87098171892205,93.79874236585033,detected,8,5
1458,48.6,336.7979241161134,351.0335517355554,93.25331719158706,detected,8,5
1459,48.63333333333333,336.0964535847123,351.5396000678819,94.02910791142884,detected,8,6
1460,48.666666666666664,336.4361330203926,348.9465861276857,95.41862635186229,detected,8,5
1461,48.7,336.4439414530338,346.50305884586487,97.08174994827749,detected,8,6
1462,48.733333333333334,338.58756746565007,348.86434267635366,96.16515779951169,detected,8,5
1463,48.766666666666666,341.5380434995942,350.74689137960934,95.0296484629177,detected,8,7
1464,48.8,344.90289366732407,352.5967834764142,93.56322247096776,detected,8,4
1465,48.833333333333336,346.4306127914293,354.38297324024813,93.12730064927865,detected,8,6
1466,48.86666666666667,346.73903788327607,355.54801034382194,93.20041137572287,detected,8,5
1467,48.9,345.6968538457331,356.0569361172413,93.49166142523393,detected,8,5
1468,48.93333333333333,347.6415614021267,357.1201812607277,93.31438862467313,detected,8,5
1469,48.96666666666667,349.99710459083303,358.53814537781875,92.79286104862642,detected,8,5
1470,49.0,352.8260405322776,360.07844278224684,92.21266642788181,detected,8,4
1471,49.03333333333333,354.4846868193665,361.1736281693481,91.97376998078842,detected,8,5
1472,49.06666666666667,354.47957831280917,361.3911418444716,91.96062707151658,detected,8,5
1473,49.1,355.98670036542103,362.1446755919351,91.42957295917829,detected,8,6
1474,49.13333333333333,355.58549848012217,361.4150662247263,91.97132563722751,detected,8,5
1475,49.166666666666664,357.56844194521614,360.3999756954269,92.00609651486026,detected,8,6
1476,49.2,357.14071854667907,358.66216912609497,91.67185928311882,detected,8,6
1477,49.233333333333334,358.36709473305916,357.8305965388028,91.71148618597539,detected,8,6
1478,49.266666666666666,360.0136548980879,356.8152511271652,91.65388345192237,detected,8,5
1479,49.3,362.3511960611917,355.98049328203285,91.27029859498991,detected,8,5
1480,49.333333333333336,362.0740994956176,353.62681780572586,90.80142821324041,detected,8,7
1481,49.36666666666667,360.78277010994424,355.7852851824532,93.02261030579565,detected,8,6
1482,49.4,361.6767167396879,354.080459763205,92.8928295739436,detected,8,4
1483,49.43333333333333,363.40441341563724,353.30301026900844,92.29581473004292,detected,8,5
1484,49.46666666666667,365.59655233149823,353.3175744233698,91.38044305259922,detected,8,6
1485,49.5,369.78139797060726,351.92135565731576,90.87624853262473,detected,8,4
1486,49.53333333333333,369.149873265123,350.1545375323205,90.4829275798109,detected,8,4
1487,49.56666666666667,372.3682622380055,349.5123070891252,90.13463537326012,detected,8,5
1488,49.6,372.7429474224666,346.2971332388952,88.10191534178549,detected,8,4
1489,49.63333333333333,369.84739446974015,348.8528056885946,89.43857506767121,detected,8,5
1490,49.666666666666664,368.6357514966589,350.2181648946382,90.33056274582152,detected,8,4
1491,49.7,368.2625636359163,351.1540321725077,91.05748023516763,detected,8,5
1492,49.733333333333334,367.5650853513611,351.9754381714291,91.96999743869418,detected,8,4
1493,49.766666666666666,369.20918108094656,352.36448368207823,91.86332822187046,detected,8,6
1494,49.8,369.9277642876657,352.01417893105145,91.89775688275184,detected,8,5
1495,49.833333333333336,370.78125293639107,351.59894288382304,91.82075471599887,detected,8,6
1496,49.86666666666667,373.4791405236772,353.24454486565264,91.064874244997,detected,8,6
1497,49.9,373.54533676124794,350.4837612510205,90.5334581113289,detected,8,6
1498,49.93333333333333,371.83461058411496,350.8667308963637,91.63950746901492,detected,8,6
1499,49.96666666666667,371.9045893457858,350.92573480084036,92.41416673001325,detected,8,5
1500,50.0,372.3285214697659,349.8877612959288,92.59323011848771,detected,8,5
1501,50.03333333333333,373.9164482292916,345.8924755086751,92.92294792962669,detected,8,5
1502,50.06666666666667,375.26920428500694,342.2953040363229,93.17023628798093,detected,8,4
1503,50.1,376.55948512072763,339.9654428273434,93.22886868803128,detected,8,5
1504,50.13333333333333,377.952407490347,336.0013552486448,93.45847011181655,detected,8,5
1505,50.166666666666664,378.47134150759643,333.9655917279716,94.2745808698174,detected,8,6
1506,50.2,380.57312748520303,328.6180647142023,93.83856826231953,detected,8,4
1507,50.233333333333334,380.79926597939266,325.77093780902226,93.95540797189328,detected,8,5
1508,50.266666666666666,381.9672755489607,322.8766695169239,94.12039402002014,detected,8,5
1509,50.3,383.92529506731796,320.2920100656424,93.58433086314164,detected,8,4
1510,50.333333333333336,383.5203415973528,320.97500350773987,93.63194954954582,detected,8,5
1511,50.36666666666667,383.66098544621656,322.1578679583024,93.93789553338164,detected,8,7
1512,50.4,384.688872571332,322.76035828212844,93.88299091710697,detected,8,4
1513,50.43333333333333,383.6924111307882,324.0767798806198,93.92364698141327,detected,8,5
1514,50.46666666666667,385.0815843800342,324.9641124638211,93.53568486624448,detected,8,6
1515,50.5,387.03243449898827,324.4775642524862,93.33252360435186,detected,8,4
1516,50.53333333333333,386.66227415505045,325.911003383296,93.34416710486012,detected,8,5
1517,50.56666666666667,384.93709052042755,327.59013323241294,93.73794020890479,detected,8,4
1518,50.6,384.0565758902601,329.913912575431,94.0638572067154,detected,8,5
1519,50.63333333333333,382.917975299468,331.98750037868734,94.72163240523318,detected,8,5
1520,50.666666666666664,382.3560718688329,334.5527637772948,95.51412977141102,detected,8,6
1521,50.7,382.65890146008326,334.81227117864444,95.7267126897965,detected,8,5
1522,50.733333333333334,385.78545548923046,333.33682545790305,95.01360448042105,detected,8,4
1523,50.766666666666666,386.85143707879763,332.7806212074079,94.66612847627654,detected,8,4
1524,50.8,386.7670025981557,333.46837272444475,94.57225193092604,detected,8,4
1525,50.833333333333336,386.4967940080706,333.64985228907153,94.79337466162737,detected,8,4
1526,50.86666666666667,387.01807640484236,333.3556256591572,94.8036474657229,detected,8,5
1527,50.9,388.76295693316627,331.32285184510965,94.44433067943177,detected,8,4
1528,50.93333333333333,387.06738009592704,332.4840750898192,95.27780757061016,detected,8,6
1529,50.96666666666667,388.6085809237983,330.2828017417896,94.59056579983142,detected,8,4
1530,51.0,388.3326970551608,329.82517781168167,94.94782326479853,detected,8,5
1531,51.03333333333333,390.83986523636565,327.5242385431659,94.82895573378866,detected,8,4
1532,51.06666666666667,391.64692432316656,326.6420042657959,94.6666386945123,detected,8,4
1533,51.1,392.45477234885226,324.78740358662355,94.50066985309624,detected,8,5
1534,51.13333333333333,393.57543504781245,321.01057587717617,92.73986376934214,detected,8,5
1535,51.166666666666664,392.84504731195926,322.77378286844674,93.27464721169177,detected,8,4
1536,51.2,390.716902713926,324.5829411752871,94.33492127747516,detected,8,6
1537,51.233333333333334,390.63176857830297,324.52486280068376,94.66462564025437,detected,8,5
1538,51.266666666666666,390.72525509901516,324.6281606418284,95.02919036525078,detected,8,4
1539,51.3,390.0003704507135,326.31602681987965,95.8915929607262,detected,8,4
1540,51.333333333333336,390.0296110087599,327.1150000124337,96.22647423118117,detected,8,4
1541,51.36666666666667,392.02652969172357,326.3171582083133,95.95899156851678,detected,8,4
1542,51.4,388.53234140412735,327.9729201627813,97.81244298374462,detected,8,5
1543,51.43333333333333,387.40763097994875,328.94648180965044,97.81244298374462,lost,8,0
1544,51.46666666666667,389.39751976443983,328.7678890857903,97.63397369742799,detected,8,4
1545,51.5,387.1740106985711,329.35075665333034,99.47593612399913,detected,8,4
1546,51.53333333333333,378.0676139663125,330.35196342596043,103.88442128745794,detected,8,4
1547,51.56666666666667,372.7319927866677,331.4871506457975,103.88442128745794,lost,8,0
1548,51.6,371.04349674726944,334.8514301724247,98.6644937269414,detected,8,5
1549,51.63333333333333,362.96725892829807,322.13566594867086,91.51043102306068,detected,8,5
1550,51.666666666666664,353.36040975407764,309.829178354334,85.32416467061361,detected,8,4
1551,51.7,342.27288030631155,300.20091690421674,85.32416467061361,lost,8,0
1552,51.733333333333334,339.95893813713064,275.69025465263894,80.16826280026932,detected,8,5
1553,51.766666666666666,331.4265163426595,259.25109218118075,76.2866280683435,detected,8,5
1554,51.8,326.1543424074766,242.80394684475863,74.91293043599966,detected,8,4
1555,51.833333333333336,314.97573797460643,233.48839220324072,72.93109206026712,detected,8,4
1556,51.86666666666667,307.12762100258567,226.57877789620187,72.93691834790664,detected,8,4
1557,51.9,301.0295851062881,215.3429469196082,78.04963136377474,detected,8,4
1558,51.93333333333333,295.91775106377287,211.25576815176493,82.23216381211012,detected,8,4
1559,51.96666666666667,290.0891443621131,213.3651763722305,83.67164349670028,detected,8,4
1560,52.0,288.35909343061064,215.72258346705723,85.08951182084667,detected,8,4
1561,52.03333333333333,275.37802153279637,203.49489544728885,85.08951182084667,lost,8,0
1562,52.06666666666667,279.47011188875,211.76704036115683,85.15286701468177,detected,8,5
1563,52.1,286.26001390131086,220.11573752467888,87.10089289455797,detected,8,4
1564,52.13333333333333,294.1843396733195,226.50017480772448,89.00721883923272,detected,8,5
1565,52.166666666666664,291.5677466611346,234.18581917034896,85.7991758296212,detected,8,4
1566,52.2,300.68475779462204,235.52483500201873,88.94100552492502,detected,8,4
1567,52.233333333333334,306.5590028249214,237.9667528530631,90.48545815157267,detected,8,4
1568,52.266666666666666,305.4555447223664,242.64262620528243,88.96478413606934,detected,8,4
1569,52.3,302.42262260806774,244.0869841738737,85.57199662159286,detected,8,5
1570,52.333333333333336,306.14639369807526,247.4555953895944,83.50109351955192,detected,8,4
1571,52.36666666666667,317.2189759924698,246.25993264833943,83.51190932912161,detected,8,4
1572,52.4,318.07379190711896,237.02657102884586,87.23369557028943,detected,8,4
1573,52.43333333333333,325.00427514427133,238.63879976016466,86.73050302246104,detected,8,5
1574,52.46666666666667,323.60791881505224,240.27391083124218,83.5337703661874,detected,8,4
1575,52.5,318.14198285436123,234.63135814169485,85.02661227372774,detected,8,4
1576,52.53333333333333,314.20573765782217,231.6474991793782,85.72281337934179,detected,8,4
1577,52.56666666666667,316.6747939460447,233.50083793300882,83.40348550692158,detected,8,4
1578,52.6,312.61301868716157,228.7490145627475,84.591478876077,detected,8,5
1579,52.63333333333333,310.09168828085484,228.85791937594638,83.69405154354162,detected,8,4
1580,52.666666666666664,307.7430726700054,230.07296058079172,82.4536681428037,detected,8,4
1581,52.7,312.0225307185676,221.0744511951008,87.0721777028942,detected,8,4
1582,52.733333333333334,309.6753975833076,221.4890870410086,87.27594029781706,detected,8,5
1583,52.766666666666666,306.7286428053037,226.22536711822215,85.41432618565574,detected,8,4
1584,52.8,304.26853960242215,227.8168117198644,84.33110487803849,detected,8,4
1585,52.833333333333336,305.81112376145325,223.59008703191864,85.61523099909672,detected,8,5
1586,52.86666666666667,305.5854084340871,218.50595095332838,86.63660574325637,detected,8,4
1587,52.9,309.1787171651079,214.87132740154686,89.75844437848652,detected,8,4
1588,52.93333333333333,313.31260343339306,209.53413972451023,93.83073686864303,detected,8,4
1589,52.96666666666667,309.1325492065654,216.1028745802074,91.74388421358452,detected,8,4
1590,53.0,308.66758922543175,215.66650086752742,91.50811635421559,detected,8,4
1591,53.03333333333333,308.71483924954475,215.17283285134351,91.80333848520209,detected,8,4
1592,53.06666666666667,305.7887460694119,218.9253532541132,90.34003002689427,detected,8,4
1593,53.1,304.15494322674715,219.32028781498346,90.34003002689427,lost,8,0
1594,53.13333333333333,303.8173940191406,219.49845720121726,89.5673609293801,detected,8,5
1595,53.166666666666664,304.25713651178523,218.74621574500316,89.44649793764839,detected,8,4
1596,53.2,301.73315979485994,223.1606007341306,86.69929152441708,detected,8,4
1597,53.233333333333334,300.12761902989587,225.0244021872512,84.58003432114695,detected,8,4
1598,53.266666666666666,302.9949793781365,220.2504622078731,86.45865372654596,detected,8,4
1599,53.3,305.5229194270405,214.02815202734087,89.23628807037072,detected,8,4
1600,53.333333333333336,304.9441570616297,213.28885067586396,89.11198482218387,detected,8,5
1601,53.36666666666667,304.9090350909578,212.93514488100598,89.20238939360802,detected,8,5
1602,53.4,303.7994751086287,215.25946530698198,88.14919108252317,detected,8,4
1603,53.43333333333333,305.27088965408734,211.551855092411,89.54221404322854,detected,8,4
1604,53.46666666666667,292.1842039097747,215.82414273108498,80.98305736940367,detected,8,4
1605,53.5,292.0342891620083,218.34560671488418,79.13375247810505,detected,8,4
1606,53.53333333333333,291.0294906946572,220.9258353665101,76.88035965755348,detected,8,4
1607,53.56666666666667,297.8176944167943,216.95550121990607,80.94988652833356,detected,8,4
1608,53.6,298.9606166500766,218.55330073194364,81.6427802851415,detected,8,4
1609,53.63333333333333,301.66928337587274,212.64379146278822,85.77287537408249,detected,8,4
1610,53.666666666666664,305.6290388109947,209.9258889525878,88.5319958112635,detected,8,4
1611,53.7,307.6290789157359,209.89593072254604,89.57217801381891,detected,8,4
1612,53.733333333333334,311.28957829891107,207.26568972291807,89.57217801381891,lost,8,0
1613,53.766666666666666,313.1344313623099,203.32716046644106,93.06076809270101,detected,8,4
1614,53.8,314.7200748757801,199.5189240170909,96.74141045944866,detected,8,4
1615,53.833333333333336,319.2486424358415,194.42836685838734,101.73984238638276,detected,8,4
1616,53.86666666666667,312.7179807669934,201.72364075707588,99.64519822106962,detected,8,4
1617,53.9,308.7173410274332,208.9931086596245,96.63810537370973,detected,8,4
1618,53.93333333333333,310.543557017295,206.11402803502313,98.33574849030565,detected,8,4
1619,53.96666666666667,312.0788641480831,203.43785617608899,99.91895583287972,detected,8,4
1620,54.0,307.16937968047625,211.99024993753744,95.47421350594688,detected,8,4
1621,54.03333333333333,305.46002666461175,213.3992964957605,93.83279459039021,detected,8,4
1622,54.06666666666667,308.75667173647196,214.42974183188255,95.21083143225631,detected,8,4
1623,54.1,306.5201818519373,214.94788646088583,93.74789448536094,detected,8,4
1624,54.13333333333333,304.9146091111624,217.2495652098648,91.72823285018448,detected,8,5
1625,54.166666666666664,305.5920585823823,215.50545239774289,91.64102622256624,detected,8,5
1626,54.2,303.6389230926918,213.64227853084432,90.81236200115957,detected,8,4
1627,54.233333333333334,304.63878622812064,213.94013430254205,91.25188607976182,detected,8,5
1628,54.266666666666666,303.04980742776957,215.4247223627957,90.30107385269687,detected,8,5
1629,54.3,300.9454400122173,216.9926111954552,88.84806341158597,detected,8,5
1630,54.333333333333336,302.0013583756713,216.33803247069778,88.85796424492047,detected,8,4
1631,54.36666666666667,301.37454156695776,218.6478596968959,87.53273336919787,detected,8,4
1632,54.4,298.66886287120917,215.96112961124098,86.2758922525282,detected,8,4
1633,54.43333333333333,300.06479820430155,213.19127098090001,88.0634816118363,detected,8,5
1634,54.46666666666667,300.63887892258094,212.01312324427772,89.15374415309465,detected,8,4
1635,54.5,299.907722184809,210.49630998734747,89.15374415309465,lost,8,0
1636,54.53333333333333,300.478664724498,212.61192211806292,89.06274106266987,detected,8,4
1637,54.56666666666667,301.0084478826805,212.4041677415156,89.19654212194514,detected,8,4
1638,54.6,297.6112542966186,210.935284150064,88.5627270300951,detected,8,4
1639,54.63333333333333,301.9431936807281,207.39475444993815,91.23777419715786,detected,8,5
1640,54.666666666666664,301.5759125333174,208.08668728958804,91.35380743866669,detected,8,4
1641,54.7,302.14554751999043,206.98994340823558,92.23089083889866,detected,8,4
1642,54.733333333333334,304.96130111473394,203.83506193535231,94.15044833832908,detected,8,4
1643,54.766666666666666,303.4138567803701,209.42040415442918,92.23765392836793,detected,8,4
1644,54.8,302.5067140682221,210.92824249265752,91.89024913111051,detected,8,4
1645,54.833333333333336,303.0196055795212,210.1418539752359,92.20671771424563,detected,8,5
1646,54.86666666666667,301.3940783005195,211.9804924149478,91.30362821925932,detected,8,5
1647,54.9,302.3714384039823,210.1721719498263,92.23605306524571,detected,8,4
1648,54.93333333333333,301.5655943199224,211.00814898487374,92.01779344739809,detected,8,4
1649,54.96666666666667,303.0931301768591,206.9322478814903,94.34177341377664,detected,8,5
1650,55.0,303.5941317534731,205.29888382449897,94.34177341377664,lost,8,0
1651,55.03333333333333,308.2435758262774,209.77287868179616,91.94889845794442,detected,8,4
1652,55.06666666666667,307.71717613643494,203.95397790545653,95.48551297480832,detected,8,4
1653,55.1,303.1382188705087,207.90427322073634,94.32600325430697,detected,8,4
1654,55.13333333333333,302.3619942475542,208.2141591167703,94.32600325430697,lost,8,0
1655,55.166666666666664,301.078735010071,208.0361877777545,95.26024502820623,detected,8,4
1656,55.2,300.9991709702289,204.9624209834056,97.04641021482806,detected,8,4
1657,55.233333333333334,299.9890441973189,203.5368098662096,97.04641021482806,lost,8,0
1658,55.266666666666666,294.2800038908621,218.41356497358726,88.76244320385064,detected,8,4
1659,55.3,290.68203043277197,224.80269274501984,88.76244320385064,lost,8,0
1660,55.333333333333336,287.37189485132905,230.68069029473781,88.76244320385064,lost,8,0
1661,55.36666666666667,284.32657011640157,236.08844804047834,88.76244320385064,lost,8,0
1662,55.4,281.52487136026826,241.06358516655965,88.76244320385064,lost,8,0
1663,55.43333333333333,278.94730850462565,245.64071132255444,88.76244320385064,lost,8,0
1664,55.46666666666667,276.57595067743443,249.85166738606964,88.76244320385064,lost,8,0
1665,55.5,274.39430147641855,253.72574696450363,88.76244320385064,lost,8,0
1666,55.53333333333333,272.3871842114839,257.2899001766629,88.76244320385064,lost,8,0
1667,55.56666666666667,270.54063632774404,260.56892113184944,88.76244320385064,lost,8,0
1668,55.6,268.8418122747034,263.58562041062106,88.76244320385064,lost,8,0
1669,55.63333333333333,267.27889414590595,266.3609837470909,88.76244320385064,lost,8,0
1670,55.666666666666664,265.84100946741233,268.9143180166432,88.76244320385064,lost,8,0
1671,55.7,264.5181555631982,271.2633855446313,88.76244320385064,lost,8,0
1672,55.733333333333334,263.3011299713212,273.42452767038037,88.76244320385064,lost,8,0
1673,55.766666666666666,262.1814664267943,275.4127784260695,88.76244320385064,lost,8,0
1674,55.8,261.15137596582963,277.2419691213035,88.76244320385064,lost,8,0
1675,55.833333333333336,260.2036927417421,278.9248245609188,88.76244320385064,lost,8,0
1676,55.86666666666667,259.3318241755816,280.47305156536487,88.76244320385064,lost,8,0
1677,55.9,258.5297050947139,281.89742040945526,88.76244320385064,lost,8,0
1678,55.93333333333333,257.79175554031565,283.2078397460184,88.76244320385064,lost,8,0
1679,55.96666666666667,257.1128419502692,284.41342553565653,88.76244320385064,lost,8,0
1680,56.0,256.48824144742656,285.52256446212357,88.76244320385064,lost,8,0
1681,56.03333333333333,255.91360898481128,286.54297227447324,88.76244320385064,lost,8,0
1682,56.06666666666667,255.3849471192052,287.48174746183497,88.76244320385064,lost,8,0
1683,56.1,254.89857820284763,288.34542063420776,88.76244320385064,lost,8,0
1684,56.13333333333333,245.68252642309363,295.91473160490136,92.12135351886285,detected,8,4
1685,56.166666666666664,246.54821536688968,296.2138633112651,90.68540418078878,detected,8,4
1686,56.2,239.75360788337287,278.06096580166906,83.00749782379677,detected,8,4
1687,56.233333333333334,246.6521647300237,265.63657948100143,76.49136184535551,detected,8,5
1688,56.266666666666666,248.1863605664093,258.9276267009466,71.4200896637859,detected,8,6
1689,56.3,257.4157750317561,259.55434755784484,71.84353614244421,detected,8,5
1690,56.333333333333336,266.083069355097,259.8793113350682,70.84279391453109,detected,8,5
1691,56.36666666666667,272.0949878118886,250.0066511285263,74.3014164743943,detected,8,5
1692,56.4,274.3351024101098,245.86623945495393,77.52975698532074,detected,8,6
1693,56.43333333333333,282.8076900711654,235.09542960641892,77.52975698532074,lost,8,0
1694,56.46666666666667,281.27350293158815,236.68688739348096,80.91506208988099,detected,8,5
1695,56.5,286.7422338803364,229.55530023849022,80.91506208988099,lost,8,0
1696,56.53333333333333,291.4349073600224,243.53265849468517,76.51124318425083,detected,8,5
1697,56.56666666666667,289.9417687146148,247.73184371056595,83.4065338447518,detected,8,5
1698,56.6,284.60260762454925,248.30693197355583,86.32663836989937,detected,8,7
1699,56.63333333333333,282.4944250948241,255.97659417231316,89.53437559394429,detected,8,5
1700,56.666666666666664,277.968972653461,255.6780165892248,89.98028779274297,detected,8,4
1701,56.7,273.4920050981601,257.5610355372244,89.73052819389551,detected,8,4
1702,56.733333333333334,272.88972360684124,256.50374461000587,89.48344630765844,detected,8,5
1703,56.766666666666666,275.8674382250184,259.8518102177802,89.07910582195856,detected,8,4
1704,56.8,273.8864951989226,257.14501761517056,89.327139590501,detected,8,5
1705,56.833333333333336,271.12997250026774,258.58725114648803,89.5571451165125,detected,8,6
1706,56.86666666666667,269.81395867996605,256.51847676319954,89.22126094151783,detected,8,5
1707,56.9,268.85126025681507,254.90642790615414,89.21130614913798,detected,8,6
1708,56.93333333333333,267.8236183808303,254.59754255965586,89.12530218890075,detected,8,5
1709,56.96666666666667,268.3585778081592,253.42801706121725,89.23660085251889,detected,8,6
1710,57.0,268.02288873467853,252.07101875830003,89.64206129663597,detected,8,6
1711,57.03333333333333,270.0507929349364,248.14033202459026,90.42449726318674,detected,8,5
1712,57.06666666666667,271.3934139913458,244.631346420882,91.48194707033244,detected,8,6
1713,57.1,269.9273660659004,248.83886913955678,91.58177028868177,detected,8,6
1714,57.13333333333333,266.80665789685816,251.0281683183154,91.32290996986875,detected,8,5
1715,57.166666666666664,268.68416408612507,247.6461981967471,92.37542799768093,detected,8,6
1716,57.2,266.3635889962791,251.81682015426608,91.7245251210125,detected,8,4
1717,57.233333333333334,266.3284486286531,251.0660572704552,91.91489047781857,detected,8,4
1718,57.266666666666666,264.386656603518,254.45790548211596,91.784552368449,detected,8,8
1719,57.3,266.4028367867122,252.43009636444043,92.60163683290743,detected,8,6
1720,57.333333333333336,267.77110214655227,250.0019902494182,94.28373866670168,detected,8,5
1721,57.36666666666667,269.44918978534065,253.14005425327787,95.85288581619899,detected,8,4
1722,57.4,270.47398171046484,249.18016812777878,97.7309570250312,detected,8,5
1723,57.43333333333333,271.73895919277567,242.70334382603866,100.2904887917228,detected,8,4
1724,57.46666666666667,276.6469499837505,248.19409140200617,104.13494270402586,detected,8,4
1725,57.5,272.76066787340017,248.9974031900606,103.25149266393557,detected,8,5
1726,57.53333333333333,267.72046052852545,256.31931597959124,100.61424725257399,detected,8,4
1727,57.56666666666667,266.79856051835094,262.57746778722515,99.46557690347421,detected,8,5
1728,57.6,265.3600019327784,265.1055227600111,98.77519275510788,detected,8,5
1729,57.63333333333333,263.68477944021004,267.9320919365497,96.99999664479849,detected,8,7
1730,57.666666666666664,262.07538379315827,271.9011906458008,95.8954748895552,detected,8,7
1731,57.7,260.85867565404624,272.32726900932926,95.3458960735759,detected,8,6
1732,57.733333333333334,260.2857211206597,271.521003945781,95.10308434428009,detected,8,5
1733,57.766666666666666,258.9329711339343,272.8356792905455,94.50818142257246,detected,8,5
1734,57.8,258.07833471655965,276.97199580962143,93.46270355898878,detected,8,6
1735,57.833333333333336,257.7871825091955,281.43318475124534,92.3101907100253,detected,8,6
1736,57.86666666666667,254.37935175903843,284.9556854986345,90.17536032298611,detected,8,4
1737,57.9,254.48242140458154,286.7513565390702,90.4157808801157,detected,8,5
1738,57.93333333333333,251.09976368429557,276.8492976232146,89.25197681930455,detected,8,4
1739,57.96666666666667,264.93997921317026,276.80620778741195,89.49960025283951,detected,8,6
1740,58.0,267.4382143320259,281.959188589973,82.52166071694305,detected,8,5
1741,58.03333333333333,275.2088745451615,286.2830206614913,77.13598559626705,detected,8,4
1742,58.06666666666667,295.7703088876038,287.10797970887415,74.44023515322652,detected,8,4
1743,58.1,317.7241142665724,278.8576812263397,72.80334480172777,detected,8,6
1744,58.13333333333333,343.82407894955384,268.9042191254142,71.07731729045031,detected,8,5
1745,58.166666666666664,363.35741538549706,268.94180387179244,68.4143904195517,detected,8,5
1746,58.2,385.2352350361145,256.6024291756314,67.45261492833559,detected,8,4
1747,58.233333333333334,415.8540244572515,253.85348204525613,65.31587220929354,detected,8,5
1748,58.266666666666666,428.01381482173485,247.5851916589886,64.32609756005688,detected,8,7
1749,58.3,448.0013564840288,236.90536109591312,65.45353656135205,detected,8,5
1750,58.333333333333336,461.2555330344753,232.91524569843438,66.44159159753913,detected,8,5
1751,58.36666666666667,467.24882893584754,227.55439419540568,66.67601471717272,detected,8,7
1752,58.4,469.84657362609994,232.4734925483718,66.70438515933628,detected,8,6
1753,58.43333333333333,471.37513762846083,234.63538662539673,66.23783540103898,detected,8,6
1754,58.46666666666667,471.2555421745532,240.99090454958468,65.52186621597745,detected,8,6
1755,58.5,469.06427526847375,241.25313591321708,65.09130436392185,detected,8,7
1756,58.53333333333333,460.94824258043906,239.52607509631736,66.16110067467149,detected,8,7
1757,58.56666666666667,458.8663019748815,244.55356666216596,65.68236163961424,detected,8,5
1758,58.6,447.0805948591767,240.1188895381952,69.06111510162424,detected,8,5
1759,58.63333333333333,446.6443739096643,240.46857217220017,67.93121275892835,detected,8,6
1760,58.666666666666664,445.6164040814814,239.7685441843774,66.1678972244603,detected,8,4
1761,58.7,441.2443879034343,239.13203560153553,66.52751437906154,detected,8,9
1762,58.733333333333334,439.78042629893105,237.37823516762745,66.32290067412458,detected,8,5
1763,58.766666666666666,445.6500118769196,248.24791671033256,66.02296425703682,detected,8,4
1764,58.8,447.90718959359333,251.25851056393935,65.88056195921425,detected,8,5
1765,58.833333333333336,444.0945765948135,243.00710795583228,65.49885356782637,detected,8,5
1766,58.86666666666667,425.16181508131206,239.144356939398,66.72013953676341,detected,8,4
1767,58.9,414.558002754371,230.80235020424794,69.50034420693652,detected,8,4
1768,58.93333333333333,405.9589802190998,227.5997797329744,68.99869403541065,detected,8,5
1769,58.96666666666667,400.9153681912804,223.44640821864806,69.10776047171747,detected,8,5
1770,59.0,400.62024714467276,223.65338826492507,70.47117731327964,detected,8,4
1771,59.03333333333333,398.54137905603443,219.6535714204935,71.2057545325314,detected,8,5
1772,59.06666666666667,396.76482743362067,215.9121428522961,72.37172215328577,detected,8,4
1773,59.1,399.64659311917893,210.22227245346713,71.48243661796748,detected,8,5
1774,59.13333333333333,396.38795587150736,205.9333634720803,72.65126022813538,detected,8,5
1775,59.166666666666664,396.5849703594598,203.1515822308756,75.20765571037006,detected,8,6
1776,59.2,397.9787967852123,198.88733705676736,78.70180052158548,detected,8,4
1777,59.233333333333334,397.33378720109516,193.31908322224518,81.68685238581128,detected,8,6
1778,59.266666666666666,398.6253520231013,192.00122676650332,82.75052145059173,detected,8,5
1779,59.3,396.8891897084844,187.31041347925682,85.25442995757543,detected,8,6
1780,59.333333333333336,392.4096200197809,185.1579295034833,85.22899623699763,detected,8,7
1781,59.36666666666667,389.07411846856144,180.5514506154758,86.45187725520833,detected,8,5
1782,59.4,385.41935030819,177.73054830809386,87.74851093639235,detected,8,6
1783,59.43333333333333,383.12923394729023,184.9305072026781,85.37728189931387,detected,8,4
1784,59.46666666666667,380.00428376715547,186.51253587204693,83.46175343515897,detected,8,4
1785,59.5,377.15477888190054,198.43535547745913,78.03331712509484,detected,8,5
1786,59.53333333333333,373.9155402639959,197.68509508634116,76.68177638195304,detected,8,4
1787,59.56666666666667,371.4764243007801,193.88148894549238,76.19387730621376,detected,8,4
1788,59.6,371.53929732038955,202.82431493942053,72.99165537237776,detected,8,6
1789,59.63333333333333,372.36824479255336,204.93693814463512,72.18320220552205,detected,8,7
1790,59.666666666666664,370.5633617362131,204.18507310349935,71.33429715182137,detected,8,5
1791,59.7,373.9550910848899,212.4544324396601,71.37725343592597,detected,8,4
1792,59.733333333333334,371.42386986832526,210.26477902901345,70.00612693215498,detected,8,4
1793,59.766666666666666,367.2439932824975,212.2655966818838,66.50431371365916,detected,8,5
1794,59.8,363.6086337317363,214.51565171542399,64.29206311836072,detected,8,4
1795,59.833333333333336,362.47270477557396,217.412553515623,62.60281619431114,detected,8,5
1796,59.86666666666667,364.3921942939158,215.19496068080235,64.74842913744227,detected,8,4
1797,59.9,359.69717224645257,220.1767702229144,62.60166062502024,detected,8,4
1798,59.93333333333333,360.56057138910865,223.30193842240843,62.1128222041508,detected,8,4
1799,59.96666666666667,363.4772137883194,227.81416345296563,63.6842193188765,detected,8,5
